player_id,player_code,date,load,load_z,baseline,peak_elevation,recovery_days,censored,acwr,gps_distance
TeamA-2d44f941-2f24-4fc2-afa8-611a091f2e93,A02,2020-04-05,630.0,1.1326184390671306,21.25,0.75,5.0,0,1.712,
TeamA-2d44f941-2f24-4fc2-afa8-611a091f2e93,A02,2020-04-07,650.0,1.1971515810970277,21.33823529411765,0.6617647058823515,3.0,0,1.61,
TeamA-2d44f941-2f24-4fc2-afa8-611a091f2e93,A02,2020-04-11,580.0,0.9712855839923878,21.357142857142858,2.8928571428571423,,1,1.43,
TeamA-2d44f941-2f24-4fc2-afa8-611a091f2e93,A02,2020-04-29,990.0,2.2942149956052784,21.91346153846154,2.33653846153846,,1,1.574,
TeamA-2d44f941-2f24-4fc2-afa8-611a091f2e93,A02,2020-05-04,960.0,2.1974152825604327,21.666666666666668,2.583333333333332,6.0,0,1.31,
TeamA-2d44f941-2f24-4fc2-afa8-611a091f2e93,A02,2020-05-05,720.0,1.4230175782016676,21.666666666666668,2.583333333333332,5.0,0,1.254,
TeamA-2d44f941-2f24-4fc2-afa8-611a091f2e93,A02,2020-05-07,690.0,1.326217865156822,21.75,0.25,3.0,0,1.04,
TeamA-2d44f941-2f24-4fc2-afa8-611a091f2e93,A02,2020-05-08,960.0,2.1974152825604327,21.833333333333332,0.16666666666666785,2.0,0,1.293,
TeamA-2d44f941-2f24-4fc2-afa8-611a091f2e93,A02,2020-05-11,780.0,1.6166170042913588,21.666666666666668,0.33333333333333215,2.0,0,1.246,
TeamA-2d44f941-2f24-4fc2-afa8-611a091f2e93,A02,2020-05-13,780.0,1.6166170042913588,21.678571428571427,0.32142857142857295,7.0,0,1.3,
TeamA-2d44f941-2f24-4fc2-afa8-611a091f2e93,A02,2020-05-14,840.0,1.8102164303810502,21.598214285714285,0.4017857142857153,6.0,0,1.297,
TeamA-2d44f941-2f24-4fc2-afa8-611a091f2e93,A02,2020-05-15,960.0,2.1974152825604327,21.598214285714285,0.4017857142857153,5.0,0,1.239,
TeamA-2d44f941-2f24-4fc2-afa8-611a091f2e93,A02,2020-05-18,780.0,1.6166170042913588,21.598214285714285,0.4017857142857153,2.0,0,1.187,
TeamA-2d44f941-2f24-4fc2-afa8-611a091f2e93,A02,2020-05-27,770.0,1.5843504332764102,21.678571428571427,0.32142857142857295,4.0,0,0.908,
TeamA-2d44f941-2f24-4fc2-afa8-611a091f2e93,A02,2020-05-29,900.0,2.0038158564707413,21.598214285714285,0.4017857142857153,2.0,0,1.132,
TeamA-2d44f941-2f24-4fc2-afa8-611a091f2e93,A02,2020-06-01,720.0,1.4230175782016676,21.517857142857142,2.7321428571428577,8.0,0,1.095,
TeamA-2d44f941-2f24-4fc2-afa8-611a091f2e93,A02,2020-06-02,800.0,1.681150146321256,21.517857142857142,2.7321428571428577,7.0,0,1.137,
TeamA-2d44f941-2f24-4fc2-afa8-611a091f2e93,A02,2020-06-03,900.0,2.0038158564707413,21.517857142857142,2.7321428571428577,6.0,0,1.126,
TeamA-2d44f941-2f24-4fc2-afa8-611a091f2e93,A02,2020-06-05,720.0,1.4230175782016676,21.357142857142858,0.6428571428571423,4.0,0,1.036,
TeamA-2d44f941-2f24-4fc2-afa8-611a091f2e93,A02,2020-06-06,720.0,1.4230175782016676,21.4375,0.5625,3.0,0,1.181,
TeamA-2d44f941-2f24-4fc2-afa8-611a091f2e93,A02,2020-06-09,600.0,1.0358187260222849,21.598214285714285,0.4017857142857153,8.0,0,1.056,
TeamA-2d44f941-2f24-4fc2-afa8-611a091f2e93,A02,2020-06-10,1290.0,3.2622121260537353,21.517857142857142,0.48214285714285765,7.0,0,1.125,
TeamA-2d44f941-2f24-4fc2-afa8-611a091f2e93,A02,2020-06-12,560.0,0.9067524419624907,21.598214285714285,0.4017857142857153,5.0,0,1.215,
TeamA-2d44f941-2f24-4fc2-afa8-611a091f2e93,A02,2020-06-13,800.0,1.681150146321256,21.598214285714285,0.4017857142857153,4.0,0,1.172,
TeamA-2d44f941-2f24-4fc2-afa8-611a091f2e93,A02,2020-06-15,880.0,1.9392827144408444,21.598214285714285,0.4017857142857153,2.0,0,1.23,
TeamA-2d44f941-2f24-4fc2-afa8-611a091f2e93,A02,2020-06-17,720.0,1.4230175782016676,21.598214285714285,0.4017857142857153,2.0,0,1.088,
TeamA-2d44f941-2f24-4fc2-afa8-611a091f2e93,A02,2020-06-22,560.0,0.9067524419624907,21.4375,0.5625,7.0,0,0.805,
TeamA-2d44f941-2f24-4fc2-afa8-611a091f2e93,A02,2020-06-23,800.0,1.681150146321256,21.517857142857142,0.48214285714285765,6.0,0,0.796,
TeamA-2d44f941-2f24-4fc2-afa8-611a091f2e93,A02,2020-06-24,1080.0,2.5846141347398155,21.598214285714285,0.4017857142857153,5.0,0,0.87,
TeamA-2d44f941-2f24-4fc2-afa8-611a091f2e93,A02,2020-06-27,700.0,1.3584844361717705,21.678571428571427,0.32142857142857295,2.0,0,0.894,
TeamA-2d44f941-2f24-4fc2-afa8-611a091f2e93,A02,2020-06-30,800.0,1.681150146321256,21.678571428571427,0.32142857142857295,2.0,0,0.924,
TeamA-2d44f941-2f24-4fc2-afa8-611a091f2e93,A02,2020-07-03,720.0,1.4230175782016676,21.517857142857142,0.48214285714285765,2.0,0,0.872,
TeamA-2d44f941-2f24-4fc2-afa8-611a091f2e93,A02,2020-07-08,980.0,2.26194842459033,21.196428571428573,3.053571428571427,2.0,0,0.995,
TeamA-2d44f941-2f24-4fc2-afa8-611a091f2e93,A02,2020-07-19,900.0,2.0038158564707413,20.232142857142858,1.7678571428571423,3.0,0,1.05,
TeamA-2d44f941-2f24-4fc2-afa8-611a091f2e93,A02,2020-07-25,900.0,2.0038158564707413,19.75,4.5,3.0,0,1.073,
TeamA-2d44f941-2f24-4fc2-afa8-611a091f2e93,A02,2020-08-02,720.0,1.4230175782016676,20.083333333333332,4.166666666666668,5.0,0,0.941,
TeamA-2d44f941-2f24-4fc2-afa8-611a091f2e93,A02,2020-08-08,720.0,1.4230175782016676,20.333333333333332,1.6666666666666679,2.0,0,1.103,
TeamA-2d44f941-2f24-4fc2-afa8-611a091f2e93,A02,2020-08-16,810.0,1.7134167173362045,20.75,3.5,3.0,0,1.293,
TeamA-2d44f941-2f24-4fc2-afa8-611a091f2e93,A02,2020-08-26,720.0,1.4230175782016676,20.875,1.125,4.0,0,1.021,
TeamA-2d44f941-2f24-4fc2-afa8-611a091f2e93,A02,2020-08-30,900.0,2.0038158564707413,20.955357142857142,3.2946428571428577,,1,0.948,
TeamA-2d44f941-2f24-4fc2-afa8-611a091f2e93,A02,2020-09-02,710.0,1.390751007186719,20.955357142857142,3.2946428571428577,8.0,0,0.991,
TeamA-2d44f941-2f24-4fc2-afa8-611a091f2e93,A02,2020-09-15,630.0,1.1326184390671306,21.357142857142858,0.6428571428571423,2.0,0,0.937,
TeamA-2d44f941-2f24-4fc2-afa8-611a091f2e93,A02,2020-09-26,810.0,1.7134167173362045,21.166666666666668,0.8333333333333321,4.0,0,1.31,
TeamA-2d44f941-2f24-4fc2-afa8-611a091f2e93,A02,2020-10-04,630.0,1.1326184390671306,20.701923076923077,3.5480769230769234,3.0,0,1.456,
TeamA-2d44f941-2f24-4fc2-afa8-611a091f2e93,A02,2020-10-07,810.0,1.7134167173362045,20.56,1.4400000000000013,3.0,0,1.223,
TeamA-2d44f941-2f24-4fc2-afa8-611a091f2e93,A02,2020-10-18,720.0,1.4230175782016676,20.38,3.870000000000001,,1,1.178,
TeamA-2d44f941-2f24-4fc2-afa8-611a091f2e93,A02,2020-10-21,930.0,2.100615569515587,20.6875,1.3125,9.0,0,0.854,
TeamA-2d44f941-2f24-4fc2-afa8-611a091f2e93,A02,2020-10-28,720.0,1.4230175782016676,20.92391304347826,1.0760869565217384,2.0,0,1.024,
TeamA-2d44f941-2f24-4fc2-afa8-611a091f2e93,A02,2020-11-01,810.0,1.7134167173362045,21.15625,3.09375,8.0,0,1.288,
TeamA-2d44f941-2f24-4fc2-afa8-611a091f2e93,A02,2020-11-04,630.0,1.1326184390671306,21.19,0.8099999999999987,5.0,0,1.116,
TeamA-2d44f941-2f24-4fc2-afa8-611a091f2e93,A02,2020-11-10,640.0,1.1648850100820791,21.567307692307693,2.6826923076923066,,1,0.823,
TeamA-2d44f941-2f24-4fc2-afa8-611a091f2e93,A02,2020-11-23,600.0,1.0358187260222849,22.0,4.5,4.0,0,1.048,
TeamA-2d44f941-2f24-4fc2-afa8-611a091f2e93,A02,2021-01-11,1010.0,2.3587481376351755,19.589285714285715,4.660714285714285,,1,1.568,
TeamA-2d44f941-2f24-4fc2-afa8-611a091f2e93,A02,2021-01-13,630.0,1.1326184390671306,19.609375,4.640625,,1,1.347,
TeamA-2d44f941-2f24-4fc2-afa8-611a091f2e93,A02,2021-01-18,1120.0,2.7136804187996098,20.0,4.25,6.0,0,1.298,
TeamA-2d44f941-2f24-4fc2-afa8-611a091f2e93,A02,2021-01-19,720.0,1.4230175782016676,20.0,2.0,5.0,0,1.496,
TeamA-2d44f941-2f24-4fc2-afa8-611a091f2e93,A02,2021-01-20,630.0,1.1326184390671306,20.25,1.75,4.0,0,1.465,
TeamA-2d44f941-2f24-4fc2-afa8-611a091f2e93,A02,2021-01-22,720.0,1.4230175782016676,20.425,1.5749999999999993,2.0,0,1.218,
TeamA-2d44f941-2f24-4fc2-afa8-611a091f2e93,A02,2021-01-27,880.0,1.9392827144408444,20.821428571428573,3.428571428571427,,1,1.125,
TeamA-2d44f941-2f24-4fc2-afa8-611a091f2e93,A02,2021-02-01,840.0,1.8102164303810502,21.25,3.0,,1,1.083,
TeamA-2d44f941-2f24-4fc2-afa8-611a091f2e93,A02,2021-02-02,630.0,1.1326184390671306,21.37,2.879999999999999,,1,1.038,
TeamA-2d44f941-2f24-4fc2-afa8-611a091f2e93,A02,2021-02-03,1020.0,2.391014708650124,21.55,2.6999999999999993,,1,1.043,
TeamA-2d44f941-2f24-4fc2-afa8-611a091f2e93,A02,2021-02-10,810.0,1.7134167173362045,22.346153846153847,1.9038461538461533,3.0,0,0.933,
TeamA-2d44f941-2f24-4fc2-afa8-611a091f2e93,A02,2021-02-13,800.0,1.681150146321256,22.75,1.5,7.0,0,0.934,
TeamA-2d44f941-2f24-4fc2-afa8-611a091f2e93,A02,2021-02-15,640.0,1.1648850100820791,22.916666666666668,1.3333333333333321,5.0,0,0.996,
TeamA-2d44f941-2f24-4fc2-afa8-611a091f2e93,A02,2021-02-17,630.0,1.1326184390671306,23.0,1.25,3.0,0,0.958,
TeamA-2d44f941-2f24-4fc2-afa8-611a091f2e93,A02,2021-03-08,560.0,0.9067524419624907,23.3125,0.9375,4.0,0,1.174,
TeamA-2d44f941-2f24-4fc2-afa8-611a091f2e93,A02,2021-03-13,810.0,1.7134167173362045,23.26,0.9899999999999984,2.0,0,1.018,
TeamA-2d44f941-2f24-4fc2-afa8-611a091f2e93,A02,2021-03-22,660.0,1.2294181521119762,23.21875,1.03125,3.0,0,0.975,
TeamA-2d44f941-2f24-4fc2-afa8-611a091f2e93,A02,2021-03-27,900.0,2.0038158564707413,23.40625,3.09375,4.0,0,1.31,
TeamA-2d44f941-2f24-4fc2-afa8-611a091f2e93,A02,2021-03-29,680.0,1.2939512941418734,23.62,0.629999999999999,2.0,0,1.294,
TeamA-2d44f941-2f24-4fc2-afa8-611a091f2e93,A02,2021-04-17,1030.0,2.4232812796650727,22.60576923076923,3.89423076923077,2.0,0,1.075,
TeamA-2d44f941-2f24-4fc2-afa8-611a091f2e93,A02,2021-04-23,630.0,1.1326184390671306,22.416666666666668,1.8333333333333321,2.0,0,1.251,
TeamA-2d44f941-2f24-4fc2-afa8-611a091f2e93,A02,2021-05-01,630.0,1.1326184390671306,22.166666666666668,4.333333333333332,3.0,0,1.087,
TeamA-2d44f941-2f24-4fc2-afa8-611a091f2e93,A02,2021-05-05,630.0,1.1326184390671306,22.401785714285715,1.8482142857142847,2.0,0,0.818,
TeamA-2d44f941-2f24-4fc2-afa8-611a091f2e93,A02,2021-05-15,630.0,1.1326184390671306,22.51923076923077,3.98076923076923,3.0,0,1.242,
TeamA-2d44f941-2f24-4fc2-afa8-611a091f2e93,A02,2021-05-22,800.0,1.681150146321256,22.692307692307693,1.5576923076923066,3.0,0,1.076,
TeamA-2d44f941-2f24-4fc2-afa8-611a091f2e93,A02,2021-05-26,960.0,2.1974152825604327,22.72,1.5300000000000011,2.0,0,1.434,
TeamA-2d44f941-2f24-4fc2-afa8-611a091f2e93,A02,2021-05-29,1200.0,2.9718129869191983,22.81,3.6900000000000013,3.0,0,1.405,
TeamA-2d44f941-2f24-4fc2-afa8-611a091f2e93,A02,2021-06-05,810.0,1.7134167173362045,22.54,1.7100000000000009,2.0,0,0.922,
TeamA-2d44f941-2f24-4fc2-afa8-611a091f2e93,A02,2021-06-22,700.0,1.3584844361717705,22.416666666666668,1.8333333333333321,2.0,0,0.876,
TeamA-2d44f941-2f24-4fc2-afa8-611a091f2e93,A02,2021-06-26,900.0,2.0038158564707413,22.416666666666668,1.8333333333333321,2.0,0,0.84,
TeamA-2d44f941-2f24-4fc2-afa8-611a091f2e93,A02,2021-07-04,630.0,1.1326184390671306,22.401785714285715,4.098214285714285,4.0,0,0.806,
TeamA-2d44f941-2f24-4fc2-afa8-611a091f2e93,A02,2021-08-03,630.0,1.1326184390671306,22.166666666666668,2.083333333333332,2.0,0,1.896,
TeamA-2d44f941-2f24-4fc2-afa8-611a091f2e93,A02,2021-08-07,800.0,1.681150146321256,22.083333333333332,2.166666666666668,2.0,0,3.244,
TeamA-2d44f941-2f24-4fc2-afa8-611a091f2e93,A02,2021-08-14,870.0,1.9070161434258959,22.25,2.0,2.0,0,1.499,
TeamA-32fed4b3-d7fc-482d-ba21-c46c58f015b5,A03,2020-04-19,630.0,1.2716616517975308,17.397727272727273,2.3522727272727266,2.0,0,1.156,
TeamA-32fed4b3-d7fc-482d-ba21-c46c58f015b5,A03,2020-05-12,770.0,1.7291183407671231,12.758928571428571,6.991071428571429,8.0,0,0.929,
TeamA-32fed4b3-d7fc-482d-ba21-c46c58f015b5,A03,2020-05-15,700.0,1.5003899962823268,12.4375,0.5625,5.0,0,1.1,
TeamA-32fed4b3-d7fc-482d-ba21-c46c58f015b5,A03,2020-05-18,540.0,0.9775823517456501,12.75,0.25,2.0,0,1.051,
TeamA-32fed4b3-d7fc-482d-ba21-c46c58f015b5,A03,2020-05-20,540.0,0.9775823517456501,12.583333333333334,16.166666666666664,,1,0.916,
TeamA-32fed4b3-d7fc-482d-ba21-c46c58f015b5,A03,2020-05-21,540.0,0.9775823517456501,12.5,16.25,,1,0.951,
TeamA-32fed4b3-d7fc-482d-ba21-c46c58f015b5,A03,2020-05-22,600.0,1.1736352184469039,12.5,16.25,,1,0.883,
TeamA-32fed4b3-d7fc-482d-ba21-c46c58f015b5,A03,2020-05-25,840.0,1.9578466852519192,12.166666666666666,16.583333333333336,,1,1.199,
TeamA-32fed4b3-d7fc-482d-ba21-c46c58f015b5,A03,2020-05-26,630.0,1.2716616517975308,12.166666666666666,16.583333333333336,,1,1.265,
TeamA-32fed4b3-d7fc-482d-ba21-c46c58f015b5,A03,2020-05-27,770.0,1.7291183407671231,12.166666666666666,16.583333333333336,,1,1.286,
TeamA-32fed4b3-d7fc-482d-ba21-c46c58f015b5,A03,2020-05-29,800.0,1.82714477411775,12.666666666666666,16.083333333333336,,1,1.301,
TeamA-32fed4b3-d7fc-482d-ba21-c46c58f015b5,A03,2020-06-01,630.0,1.2716616517975308,13.346153846153847,1.9038461538461533,2.0,0,1.171,
TeamA-32fed4b3-d7fc-482d-ba21-c46c58f015b5,A03,2020-06-03,800.0,1.82714477411775,13.865384615384615,3.634615384615385,5.0,0,1.092,
TeamA-32fed4b3-d7fc-482d-ba21-c46c58f015b5,A03,2020-06-08,700.0,1.5003899962823268,14.817307692307692,2.6826923076923084,7.0,0,0.97,
TeamA-32fed4b3-d7fc-482d-ba21-c46c58f015b5,A03,2020-06-10,800.0,1.82714477411775,15.163461538461538,2.3365384615384617,5.0,0,0.841,
TeamA-32fed4b3-d7fc-482d-ba21-c46c58f015b5,A03,2020-06-13,800.0,1.82714477411775,15.163461538461538,2.3365384615384617,2.0,0,0.902,
TeamA-32fed4b3-d7fc-482d-ba21-c46c58f015b5,A03,2020-06-27,900.0,2.153899551953173,15.0,2.5,2.0,0,1.061,
TeamA-32fed4b3-d7fc-482d-ba21-c46c58f015b5,A03,2020-07-06,600.0,1.1736352184469039,14.366071428571429,7.633928571428571,6.0,0,0.693,
TeamA-32fed4b3-d7fc-482d-ba21-c46c58f015b5,A03,2020-07-07,560.0,1.0429333073127347,14.446428571428571,7.553571428571429,5.0,0,0.609,
TeamA-32fed4b3-d7fc-482d-ba21-c46c58f015b5,A03,2020-07-24,720.0,1.5657409518494114,15.147727272727273,2.3522727272727266,4.0,0,1.113,
TeamA-32fed4b3-d7fc-482d-ba21-c46c58f015b5,A03,2020-07-26,630.0,1.2716616517975308,15.454545454545455,2.045454545454545,2.0,0,1.887,
TeamA-32fed4b3-d7fc-482d-ba21-c46c58f015b5,A03,2020-08-04,960.0,2.3499524186544267,15.556818181818182,4.193181818181818,3.0,0,1.84,
TeamA-32fed4b3-d7fc-482d-ba21-c46c58f015b5,A03,2020-08-05,960.0,2.3499524186544267,15.454545454545455,4.295454545454545,2.0,0,1.809,
TeamA-32fed4b3-d7fc-482d-ba21-c46c58f015b5,A03,2020-08-07,810.0,1.8598202519012923,15.25,2.25,4.0,0,1.78,
TeamA-32fed4b3-d7fc-482d-ba21-c46c58f015b5,A03,2020-08-18,1080.0,2.7420581520569343,15.166666666666666,0.08333333333333393,2.0,0,1.147,
TeamA-32fed4b3-d7fc-482d-ba21-c46c58f015b5,A03,2020-08-24,990.0,2.4479788520050536,14.557692307692308,7.442307692307692,7.0,0,0.994,
TeamA-32fed4b3-d7fc-482d-ba21-c46c58f015b5,A03,2020-08-26,560.0,1.0429333073127347,14.471153846153847,7.528846153846153,5.0,0,0.764,
TeamA-32fed4b3-d7fc-482d-ba21-c46c58f015b5,A03,2020-08-27,840.0,1.9578466852519192,14.26,7.74,4.0,0,0.871,
TeamA-32fed4b3-d7fc-482d-ba21-c46c58f015b5,A03,2020-08-28,990.0,2.4479788520050536,14.35,5.4,3.0,0,0.961,
TeamA-32fed4b3-d7fc-482d-ba21-c46c58f015b5,A03,2020-08-31,840.0,1.9578466852519192,14.89,7.109999999999999,3.0,0,0.925,
TeamA-32fed4b3-d7fc-482d-ba21-c46c58f015b5,A03,2020-09-03,720.0,1.5657409518494114,15.07,4.68,3.0,0,0.855,
TeamA-32fed4b3-d7fc-482d-ba21-c46c58f015b5,A03,2020-09-23,840.0,1.9578466852519192,14.78125,0.46875,4.0,0,0.887,
TeamA-32fed4b3-d7fc-482d-ba21-c46c58f015b5,A03,2020-09-28,800.0,1.82714477411775,14.076086956521738,3.4239130434782616,4.0,0,0.937,
TeamA-32fed4b3-d7fc-482d-ba21-c46c58f015b5,A03,2020-09-30,810.0,1.8598202519012923,13.782608695652174,3.717391304347826,2.0,0,0.931,
TeamA-32fed4b3-d7fc-482d-ba21-c46c58f015b5,A03,2020-10-07,900.0,2.153899551953173,13.48913043478261,4.010869565217391,6.0,0,0.895,
TeamA-32fed4b3-d7fc-482d-ba21-c46c58f015b5,A03,2020-10-08,540.0,0.9775823517456501,13.48913043478261,4.010869565217391,5.0,0,0.807,
TeamA-32fed4b3-d7fc-482d-ba21-c46c58f015b5,A03,2020-10-28,540.0,0.9775823517456501,13.48913043478261,4.010869565217391,4.0,0,0.977,
TeamA-32fed4b3-d7fc-482d-ba21-c46c58f015b5,A03,2020-11-02,990.0,2.4479788520050536,13.920454545454545,5.829545454545455,5.0,0,0.843,
TeamA-32fed4b3-d7fc-482d-ba21-c46c58f015b5,A03,2020-11-24,630.0,1.2716616517975308,15.52,4.23,3.0,0,1.223,
TeamA-32fed4b3-d7fc-482d-ba21-c46c58f015b5,A03,2020-11-28,560.0,1.0429333073127347,15.666666666666666,4.083333333333334,3.0,0,1.419,
TeamA-32fed4b3-d7fc-482d-ba21-c46c58f015b5,A03,2021-02-01,660.0,1.3696880851481577,10.868421052631579,13.381578947368421,,1,1.426,
TeamA-32fed4b3-d7fc-482d-ba21-c46c58f015b5,A03,2021-02-02,600.0,1.1736352184469039,10.975,13.275,,1,1.239,
TeamA-32fed4b3-d7fc-482d-ba21-c46c58f015b5,A03,2021-02-03,540.0,0.9775823517456501,10.975,13.275,,1,1.181,
TeamA-32fed4b3-d7fc-482d-ba21-c46c58f015b5,A03,2021-02-05,700.0,1.5003899962823268,11.363636363636363,12.886363636363637,,1,1.256,
TeamA-32fed4b3-d7fc-482d-ba21-c46c58f015b5,A03,2021-02-08,770.0,1.7291183407671231,12.37,7.380000000000001,,1,1.14,
TeamA-32fed4b3-d7fc-482d-ba21-c46c58f015b5,A03,2021-02-09,600.0,1.1736352184469039,12.73,7.02,,1,1.107,
TeamA-32fed4b3-d7fc-482d-ba21-c46c58f015b5,A03,2021-02-10,720.0,1.5657409518494114,13.09,4.41,3.0,0,1.131,
TeamA-32fed4b3-d7fc-482d-ba21-c46c58f015b5,A03,2021-02-18,690.0,1.4677145184987845,15.25,2.25,3.0,0,0.778,
TeamA-32fed4b3-d7fc-482d-ba21-c46c58f015b5,A03,2021-03-24,940.0,2.284601463087342,13.204545454545455,4.295454545454545,3.0,0,1.07,
TeamA-32fed4b3-d7fc-482d-ba21-c46c58f015b5,A03,2021-03-27,720.0,1.5657409518494114,13.306818181818182,6.443181818181818,2.0,0,1.122,
TeamA-32fed4b3-d7fc-482d-ba21-c46c58f015b5,A03,2021-05-05,560.0,1.0429333073127347,14.40625,0.84375,2.0,0,2.009,
TeamA-32fed4b3-d7fc-482d-ba21-c46c58f015b5,A03,2021-07-12,630.0,1.2716616517975308,16.321428571428573,1.178571428571427,2.0,0,2.025,
TeamA-32fed4b3-d7fc-482d-ba21-c46c58f015b5,A03,2021-07-27,540.0,0.9775823517456501,15.368421052631579,2.1315789473684212,2.0,0,1.106,
TeamA-32fed4b3-d7fc-482d-ba21-c46c58f015b5,A03,2021-08-11,1020.0,2.5460052853556805,14.178571428571429,1.0714285714285712,2.0,0,1.061,
TeamA-32fed4b3-d7fc-482d-ba21-c46c58f015b5,A03,2021-09-01,870.0,2.055873118602546,14.384615384615385,0.865384615384615,2.0,0,1.072,
TeamA-32fed4b3-d7fc-482d-ba21-c46c58f015b5,A03,2021-09-06,630.0,1.2716616517975308,14.35,3.1500000000000004,4.0,0,1.152,
TeamA-32fed4b3-d7fc-482d-ba21-c46c58f015b5,A03,2021-09-07,580.0,1.1082842628798193,14.17,3.33,3.0,0,1.362,
TeamA-32fed4b3-d7fc-482d-ba21-c46c58f015b5,A03,2021-09-14,1030.0,2.578680763139223,14.53,9.72,,1,1.064,
TeamA-32fed4b3-d7fc-482d-ba21-c46c58f015b5,A03,2021-10-04,720.0,1.5657409518494114,15.892857142857142,6.107142857142858,6.0,0,1.243,
TeamA-32fed4b3-d7fc-482d-ba21-c46c58f015b5,A03,2021-10-06,1150.0,2.9707864965417303,15.892857142857142,6.107142857142858,4.0,0,1.278,
TeamA-32fed4b3-d7fc-482d-ba21-c46c58f015b5,A03,2021-10-12,600.0,1.1736352184469039,16.616071428571427,3.133928571428573,3.0,0,1.358,
TeamA-32fed4b3-d7fc-482d-ba21-c46c58f015b5,A03,2021-10-18,630.0,1.2716616517975308,16.25,5.75,4.0,0,1.216,
TeamA-32fed4b3-d7fc-482d-ba21-c46c58f015b5,A03,2021-10-19,670.0,1.4023635629317,16.0,6.0,3.0,0,1.159,
TeamA-32fed4b3-d7fc-482d-ba21-c46c58f015b5,A03,2021-11-09,540.0,0.9775823517456501,15.88,1.6199999999999992,2.0,0,1.07,
TeamA-358603ef-b3a3-46b5-b80a-ad64e06b6592,A04,2020-07-22,690.0,1.1598881694374825,14.607142857142858,2.8928571428571423,2.0,0,0.985,
TeamA-358603ef-b3a3-46b5-b80a-ad64e06b6592,A04,2020-07-25,800.0,1.4844631048976111,14.852941176470589,9.397058823529411,4.0,0,0.997,
TeamA-358603ef-b3a3-46b5-b80a-ad64e06b6592,A04,2020-07-30,780.0,1.4254494802684967,15.357142857142858,2.1428571428571423,2.0,0,1.038,
TeamA-358603ef-b3a3-46b5-b80a-ad64e06b6592,A04,2020-08-02,900.0,1.7795312280431828,15.25,9.0,,1,1.016,
TeamA-358603ef-b3a3-46b5-b80a-ad64e06b6592,A04,2020-08-08,810.0,1.5139699172121683,16.06,8.190000000000001,,1,1.053,
TeamA-358603ef-b3a3-46b5-b80a-ad64e06b6592,A04,2020-08-12,870.0,1.6910107910995114,17.32,9.18,10.0,0,0.941,
TeamA-358603ef-b3a3-46b5-b80a-ad64e06b6592,A04,2020-08-16,900.0,1.7795312280431828,18.13,8.370000000000001,6.0,0,1.056,
TeamA-358603ef-b3a3-46b5-b80a-ad64e06b6592,A04,2020-08-19,810.0,1.5139699172121683,18.53846153846154,7.96153846153846,3.0,0,0.934,
TeamA-358603ef-b3a3-46b5-b80a-ad64e06b6592,A04,2020-08-22,810.0,1.5139699172121683,19.3,2.6999999999999993,4.0,0,1.017,
TeamA-358603ef-b3a3-46b5-b80a-ad64e06b6592,A04,2020-08-26,900.0,1.7795312280431828,19.317307692307693,2.6826923076923066,3.0,0,0.929,
TeamA-358603ef-b3a3-46b5-b80a-ad64e06b6592,A04,2020-08-30,900.0,1.7795312280431828,20.009615384615383,1.9903846153846168,2.0,0,0.95,
TeamA-358603ef-b3a3-46b5-b80a-ad64e06b6592,A04,2020-09-05,900.0,1.7795312280431828,20.35576923076923,3.89423076923077,2.0,0,1.267,
TeamA-358603ef-b3a3-46b5-b80a-ad64e06b6592,A04,2020-09-12,810.0,1.5139699172121683,19.490384615384617,2.5096153846153832,4.0,0,0.953,
TeamA-358603ef-b3a3-46b5-b80a-ad64e06b6592,A04,2020-09-16,650.0,1.041860920179254,19.333333333333332,0.41666666666666785,3.0,0,0.862,
TeamA-358603ef-b3a3-46b5-b80a-ad64e06b6592,A04,2020-09-17,840.0,1.60249035415584,19.166666666666668,0.5833333333333321,2.0,0,1.118,
TeamA-358603ef-b3a3-46b5-b80a-ad64e06b6592,A04,2020-10-04,900.0,1.7795312280431828,17.5,2.25,5.0,0,1.098,
TeamA-358603ef-b3a3-46b5-b80a-ad64e06b6592,A04,2020-10-13,720.0,1.248408606381154,17.21875,0.28125,2.0,0,1.006,
TeamA-358603ef-b3a3-46b5-b80a-ad64e06b6592,A04,2020-11-01,900.0,1.7795312280431828,16.42391304347826,5.576086956521738,,1,0.924,
TeamA-358603ef-b3a3-46b5-b80a-ad64e06b6592,A04,2020-11-04,840.0,1.60249035415584,16.272727272727273,5.727272727272727,,1,1.066,
TeamA-358603ef-b3a3-46b5-b80a-ad64e06b6592,A04,2020-11-10,900.0,1.7795312280431828,16.375,5.625,,1,1.273,
TeamA-358603ef-b3a3-46b5-b80a-ad64e06b6592,A04,2020-11-15,810.0,1.5139699172121683,17.05,4.949999999999999,,1,0.94,
TeamA-358603ef-b3a3-46b5-b80a-ad64e06b6592,A04,2020-11-18,900.0,1.7795312280431828,17.38157894736842,4.618421052631579,,1,0.954,
TeamA-358603ef-b3a3-46b5-b80a-ad64e06b6592,A04,2020-11-21,900.0,1.7795312280431828,17.61842105263158,2.1315789473684212,4.0,0,1.178,
TeamA-358603ef-b3a3-46b5-b80a-ad64e06b6592,A04,2020-12-06,900.0,1.7795312280431828,19.276315789473685,4.973684210526315,3.0,0,1.075,
TeamA-358603ef-b3a3-46b5-b80a-ad64e06b6592,A04,2021-01-18,800.0,1.4844631048976111,14.125,7.875,7.0,0,1.276,
TeamA-358603ef-b3a3-46b5-b80a-ad64e06b6592,A04,2021-01-19,750.0,1.3369290433248253,13.84375,5.90625,6.0,0,1.301,
TeamA-358603ef-b3a3-46b5-b80a-ad64e06b6592,A04,2021-01-31,800.0,1.4844631048976111,14.565217391304348,5.184782608695652,8.0,0,1.244,
TeamA-358603ef-b3a3-46b5-b80a-ad64e06b6592,A04,2021-02-01,760.0,1.3664358556393825,14.66304347826087,5.086956521739131,7.0,0,1.241,
TeamA-358603ef-b3a3-46b5-b80a-ad64e06b6592,A04,2021-02-02,660.0,1.0713677324938111,14.76086956521739,4.989130434782609,6.0,0,1.191,
TeamA-358603ef-b3a3-46b5-b80a-ad64e06b6592,A04,2021-02-03,720.0,1.248408606381154,14.66304347826087,5.086956521739131,5.0,0,1.23,
TeamA-358603ef-b3a3-46b5-b80a-ad64e06b6592,A04,2021-02-05,990.0,2.045092538874197,15.152173913043478,4.5978260869565215,3.0,0,1.102,
TeamA-358603ef-b3a3-46b5-b80a-ad64e06b6592,A04,2021-02-16,630.0,0.9828472955501396,15.659090909090908,4.090909090909092,3.0,0,1.075,
TeamA-358603ef-b3a3-46b5-b80a-ad64e06b6592,A04,2021-02-17,780.0,1.4254494802684967,15.357142857142858,4.392857142857142,2.0,0,1.021,
TeamA-358603ef-b3a3-46b5-b80a-ad64e06b6592,A04,2021-02-22,770.0,1.3959426679539397,15.454545454545455,6.545454545454545,8.0,0,0.869,
TeamA-358603ef-b3a3-46b5-b80a-ad64e06b6592,A04,2021-03-03,960.0,1.9565721019305256,16.15,5.850000000000001,,1,0.865,
TeamA-358603ef-b3a3-46b5-b80a-ad64e06b6592,A04,2021-03-06,1080.0,2.3106538497052114,16.125,5.875,8.0,0,1.32,
TeamA-358603ef-b3a3-46b5-b80a-ad64e06b6592,A04,2021-03-09,840.0,1.60249035415584,16.308823529411764,5.6911764705882355,5.0,0,1.372,
TeamA-358603ef-b3a3-46b5-b80a-ad64e06b6592,A04,2021-03-15,690.0,1.1598881694374825,17.359375,0.140625,2.0,0,0.788,
TeamA-358603ef-b3a3-46b5-b80a-ad64e06b6592,A04,2021-03-17,900.0,1.7795312280431828,17.764705882352942,1.985294117647058,3.0,0,1.015,
TeamA-358603ef-b3a3-46b5-b80a-ad64e06b6592,A04,2021-04-13,900.0,1.7795312280431828,16.068181818181817,1.4318181818181834,2.0,0,0.756,
TeamA-358603ef-b3a3-46b5-b80a-ad64e06b6592,A04,2021-05-01,900.0,1.7795312280431828,15.045454545454545,4.704545454545455,10.0,0,1.075,
TeamA-358603ef-b3a3-46b5-b80a-ad64e06b6592,A04,2021-05-05,900.0,1.7795312280431828,15.445652173913043,2.054347826086957,2.0,0,1.043,
TeamA-358603ef-b3a3-46b5-b80a-ad64e06b6592,A04,2021-05-11,720.0,1.248408606381154,15.543478260869565,8.706521739130435,3.0,0,1.033,
TeamA-358603ef-b3a3-46b5-b80a-ad64e06b6592,A04,2021-05-12,840.0,1.60249035415584,15.347826086956522,2.1521739130434785,2.0,0,0.951,
TeamA-358603ef-b3a3-46b5-b80a-ad64e06b6592,A04,2021-05-15,900.0,1.7795312280431828,15.73913043478261,8.51086956521739,4.0,0,1.243,
TeamA-358603ef-b3a3-46b5-b80a-ad64e06b6592,A04,2021-05-22,900.0,1.7795312280431828,16.6,0.8999999999999986,2.0,0,0.924,
TeamA-358603ef-b3a3-46b5-b80a-ad64e06b6592,A04,2021-05-26,1200.0,2.6647355974798974,16.33,3.4200000000000017,2.0,0,1.104,
TeamA-358603ef-b3a3-46b5-b80a-ad64e06b6592,A04,2021-05-29,900.0,1.7795312280431828,16.78,2.969999999999999,3.0,0,1.17,
TeamA-358603ef-b3a3-46b5-b80a-ad64e06b6592,A04,2021-06-02,960.0,1.9565721019305256,16.87,7.379999999999999,2.0,0,1.061,
TeamA-358603ef-b3a3-46b5-b80a-ad64e06b6592,A04,2021-06-05,900.0,1.7795312280431828,16.98076923076923,14.01923076923077,3.0,0,0.97,
TeamA-358603ef-b3a3-46b5-b80a-ad64e06b6592,A04,2021-06-22,900.0,1.7795312280431828,17.40625,0.09375,2.0,0,0.897,
TeamA-358603ef-b3a3-46b5-b80a-ad64e06b6592,A04,2021-06-30,900.0,1.7795312280431828,17.01086956521739,7.239130434782609,4.0,0,1.203,
TeamA-358603ef-b3a3-46b5-b80a-ad64e06b6592,A04,2021-07-04,900.0,1.7795312280431828,17.108695652173914,9.391304347826086,4.0,0,1.121,
TeamA-358603ef-b3a3-46b5-b80a-ad64e06b6592,A04,2021-07-10,900.0,1.7795312280431828,16.9375,9.5625,3.0,0,1.298,
TeamA-358603ef-b3a3-46b5-b80a-ad64e06b6592,A04,2021-07-14,630.0,0.9828472955501396,17.326923076923077,2.4230769230769234,2.0,0,0.945,
TeamA-358603ef-b3a3-46b5-b80a-ad64e06b6592,A04,2021-07-30,900.0,1.7795312280431828,17.026315789473685,16.223684210526315,3.0,0,1.246,
TeamA-358603ef-b3a3-46b5-b80a-ad64e06b6592,A04,2021-08-04,1230.0,2.753256034423569,17.144736842105264,4.855263157894736,3.0,0,2.103,
TeamA-358603ef-b3a3-46b5-b80a-ad64e06b6592,A04,2021-08-14,900.0,1.7795312280431828,16.19736842105263,3.55263157894737,2.0,0,1.401,
TeamA-358603ef-b3a3-46b5-b80a-ad64e06b6592,A04,2021-08-21,1200.0,2.6647355974798974,15.97,10.53,4.0,0,1.111,
TeamA-358603ef-b3a3-46b5-b80a-ad64e06b6592,A04,2021-08-28,900.0,1.7795312280431828,17.178571428571427,0.32142857142857295,2.0,0,0.692,
TeamA-358603ef-b3a3-46b5-b80a-ad64e06b6592,A04,2021-09-04,900.0,1.7795312280431828,16.0,15.0,6.0,0,1.051,
TeamA-358603ef-b3a3-46b5-b80a-ad64e06b6592,A04,2021-09-08,900.0,1.7795312280431828,17.333333333333332,4.666666666666668,2.0,0,0.958,
TeamA-358603ef-b3a3-46b5-b80a-ad64e06b6592,A04,2021-09-21,700.0,1.1893949817520397,17.40625,11.34375,4.0,0,0.628,
TeamA-358603ef-b3a3-46b5-b80a-ad64e06b6592,A04,2021-09-25,900.0,1.7795312280431828,18.15625,1.59375,2.0,0,1.072,
TeamA-358603ef-b3a3-46b5-b80a-ad64e06b6592,A04,2021-10-09,630.0,0.9828472955501396,17.402173913043477,6.847826086956523,3.0,0,1.008,
TeamA-358603ef-b3a3-46b5-b80a-ad64e06b6592,A04,2021-11-02,660.0,1.0713677324938111,16.0375,5.962499999999999,2.0,0,0.926,
TeamA-358603ef-b3a3-46b5-b80a-ad64e06b6592,A04,2021-11-07,900.0,1.7795312280431828,16.375,7.875,3.0,0,0.973,
TeamA-358603ef-b3a3-46b5-b80a-ad64e06b6592,A04,2021-11-13,900.0,1.7795312280431828,16.19736842105263,10.30263157894737,5.0,0,1.313,
TeamA-358603ef-b3a3-46b5-b80a-ad64e06b6592,A04,2021-11-28,630.0,0.9828472955501396,17.75,4.25,2.0,0,0.966,
TeamA-3e5f6e2b-46b7-4890-84a9-3bbb2649af5a,A05,2020-06-10,700.0,1.9752558528559896,16.214285714285715,5.785714285714285,2.0,0,1.463,
TeamA-3e5f6e2b-46b7-4890-84a9-3bbb2649af5a,A05,2021-01-21,720.0,2.0473757284085456,21.357142857142858,2.8928571428571423,2.0,0,2.173,
TeamA-3e5f6e2b-46b7-4890-84a9-3bbb2649af5a,A05,2021-01-24,560.0,1.4704167239880959,20.941176470588236,7.8088235294117645,3.0,0,2.143,
TeamA-3e5f6e2b-46b7-4890-84a9-3bbb2649af5a,A05,2021-02-10,450.0,1.0737574084490367,20.363636363636363,1.6363636363636367,2.0,0,0.728,
TeamA-3e5f6e2b-46b7-4890-84a9-3bbb2649af5a,A05,2021-02-13,560.0,1.4704167239880959,20.071428571428573,1.928571428571427,2.0,0,1.292,
TeamA-3e5f6e2b-46b7-4890-84a9-3bbb2649af5a,A05,2021-02-15,560.0,1.4704167239880959,20.2,4.050000000000001,5.0,0,1.435,
TeamA-3e5f6e2b-46b7-4890-84a9-3bbb2649af5a,A05,2021-02-22,960.0,2.9128142350392205,20.03125,4.21875,7.0,0,1.127,
TeamA-3e5f6e2b-46b7-4890-84a9-3bbb2649af5a,A05,2021-03-01,400.0,0.8934577195676461,19.267857142857142,4.982142857142858,,1,0.833,
TeamA-3e5f6e2b-46b7-4890-84a9-3bbb2649af5a,A05,2021-03-04,910.0,2.73251454615783,19.75,2.25,3.0,0,0.812,
TeamA-3e5f6e2b-46b7-4890-84a9-3bbb2649af5a,A05,2021-03-08,420.0,0.9655775951202024,19.75,4.5,6.0,0,0.914,
TeamA-3e5f6e2b-46b7-4890-84a9-3bbb2649af5a,A05,2021-03-15,450.0,1.0737574084490367,20.714285714285715,3.5357142857142847,7.0,0,1.201,
TeamA-3e5f6e2b-46b7-4890-84a9-3bbb2649af5a,A05,2021-03-29,630.0,1.7228362884220427,21.205882352941178,0.7941176470588225,7.0,0,0.906,
TeamA-3e5f6e2b-46b7-4890-84a9-3bbb2649af5a,A05,2021-07-07,560.0,1.4704167239880959,17.36764705882353,4.632352941176471,5.0,0,2.136,
TeamA-3e5f6e2b-46b7-4890-84a9-3bbb2649af5a,A05,2021-08-02,540.0,1.3982968484355398,16.988636363636363,5.011363636363637,2.0,0,1.847,
TeamA-3e5f6e2b-46b7-4890-84a9-3bbb2649af5a,A05,2021-08-09,2080.0,6.951527265982369,15.5875,4.1625,6.0,0,1.524,
TeamA-3e5f6e2b-46b7-4890-84a9-3bbb2649af5a,A05,2021-08-12,420.0,0.9655775951202024,15.475,2.0250000000000004,3.0,0,1.634,
TeamA-3e5f6e2b-46b7-4890-84a9-3bbb2649af5a,A05,2021-08-17,480.0,1.181937221777871,15.934782608695652,8.315217391304348,,1,0.992,
TeamA-3e5f6e2b-46b7-4890-84a9-3bbb2649af5a,A05,2021-08-23,890.0,2.6603946706052737,16.15,3.6000000000000014,6.0,0,0.841,
TeamA-3e5f6e2b-46b7-4890-84a9-3bbb2649af5a,A05,2021-08-25,490.0,1.2179971595541492,16.51,3.2399999999999984,4.0,0,0.899,
TeamA-3e5f6e2b-46b7-4890-84a9-3bbb2649af5a,A05,2021-09-18,900.0,2.696454608381552,15.7,1.8000000000000007,2.0,0,1.414,
TeamA-3e5f6e2b-46b7-4890-84a9-3bbb2649af5a,A05,2021-09-21,600.0,1.6146564750932084,14.9125,13.8375,4.0,0,1.229,
TeamA-3e5f6e2b-46b7-4890-84a9-3bbb2649af5a,A05,2021-09-22,480.0,1.181937221777871,15.1375,13.6125,3.0,0,1.23,
TeamA-3e5f6e2b-46b7-4890-84a9-3bbb2649af5a,A05,2021-09-27,540.0,1.3982968484355398,16.170454545454547,3.5795454545454533,4.0,0,0.765,
TeamA-3e5f6e2b-46b7-4890-84a9-3bbb2649af5a,A05,2021-10-03,610.0,1.6507164128694864,16.4875,3.2624999999999993,5.0,0,0.814,
TeamA-3e5f6e2b-46b7-4890-84a9-3bbb2649af5a,A05,2021-10-04,630.0,1.7228362884220427,16.67105263157895,3.0789473684210513,4.0,0,0.835,
TeamA-3e5f6e2b-46b7-4890-84a9-3bbb2649af5a,A05,2021-10-13,680.0,1.9031359773034333,17.61842105263158,4.381578947368421,3.0,0,0.762,
TeamA-3e5f6e2b-46b7-4890-84a9-3bbb2649af5a,A05,2021-11-16,400.0,0.8934577195676461,15.75,8.5,4.0,0,0.416,
TeamA-3e5f6e2b-46b7-4890-84a9-3bbb2649af5a,A05,2021-11-22,420.0,0.9655775951202024,15.25,9.0,,1,0.801,
TeamA-3e5f6e2b-46b7-4890-84a9-3bbb2649af5a,A05,2021-12-14,910.0,2.73251454615783,17.982142857142858,8.517857142857142,3.0,0,1.881,
TeamA-4051bba7-1170-4c43-b912-8c38815a7625,A06,2020-04-16,630.0,0.924186607901498,21.8125,0.1875,2.0,0,0.732,
TeamA-4051bba7-1170-4c43-b912-8c38815a7625,A06,2020-04-23,700.0,1.1627029176120929,20.416666666666668,8.333333333333332,3.0,0,1.181,
TeamA-4051bba7-1170-4c43-b912-8c38815a7625,A06,2020-04-24,800.0,1.5034405029129427,20.5,3.75,2.0,0,1.24,
TeamA-4051bba7-1170-4c43-b912-8c38815a7625,A06,2020-04-27,840.0,1.6397355370332827,20.5,1.5,2.0,0,1.331,
TeamA-4051bba7-1170-4c43-b912-8c38815a7625,A06,2020-04-30,840.0,1.6397355370332827,20.25,6.25,10.0,0,1.169,
TeamA-4051bba7-1170-4c43-b912-8c38815a7625,A06,2020-05-02,770.0,1.4012192273226878,20.333333333333332,6.166666666666668,8.0,0,1.078,
TeamA-4051bba7-1170-4c43-b912-8c38815a7625,A06,2020-05-04,840.0,1.6397355370332827,20.583333333333332,5.916666666666668,6.0,0,0.973,
TeamA-4051bba7-1170-4c43-b912-8c38815a7625,A06,2020-05-05,600.0,0.821965332311243,21.0,5.5,5.0,0,1.123,
TeamA-4051bba7-1170-4c43-b912-8c38815a7625,A06,2020-05-08,940.0,1.9804731223341325,21.583333333333332,2.666666666666668,2.0,0,1.206,
TeamA-4051bba7-1170-4c43-b912-8c38815a7625,A06,2020-05-11,820.0,1.5715880199731127,21.839285714285715,6.910714285714285,5.0,0,1.005,
TeamA-4051bba7-1170-4c43-b912-8c38815a7625,A06,2020-05-12,770.0,1.4012192273226878,22.080357142857142,2.1696428571428577,2.0,0,1.019,
TeamA-4051bba7-1170-4c43-b912-8c38815a7625,A06,2020-05-22,840.0,1.6397355370332827,23.125,1.125,2.0,0,0.967,
TeamA-4051bba7-1170-4c43-b912-8c38815a7625,A06,2020-05-27,770.0,1.4012192273226878,22.723214285714285,6.026785714285715,4.0,0,0.798,
TeamA-4051bba7-1170-4c43-b912-8c38815a7625,A06,2020-05-29,600.0,0.821965332311243,22.883928571428573,3.616071428571427,2.0,0,0.845,
TeamA-4051bba7-1170-4c43-b912-8c38815a7625,A06,2020-06-05,600.0,0.821965332311243,22.080357142857142,6.669642857142858,7.0,0,0.932,
TeamA-4051bba7-1170-4c43-b912-8c38815a7625,A06,2020-06-06,700.0,1.1627029176120929,21.919642857142858,6.830357142857142,8.0,0,1.101,
TeamA-4051bba7-1170-4c43-b912-8c38815a7625,A06,2020-06-10,850.0,1.6738092955633677,22.482142857142858,4.017857142857142,2.0,0,1.154,
TeamA-4051bba7-1170-4c43-b912-8c38815a7625,A06,2020-07-04,700.0,1.1627029176120929,22.778846153846153,1.4711538461538467,2.0,0,1.018,
TeamA-4051bba7-1170-4c43-b912-8c38815a7625,A06,2020-07-13,830.0,1.6056617785031977,22.173076923076923,2.0769230769230766,3.0,0,1.127,
TeamA-4051bba7-1170-4c43-b912-8c38815a7625,A06,2020-07-25,600.0,0.821965332311243,21.75,0.25,2.0,0,0.998,
TeamA-4051bba7-1170-4c43-b912-8c38815a7625,A06,2020-07-27,830.0,1.6056617785031977,21.75,4.75,6.0,0,0.85,
TeamA-4051bba7-1170-4c43-b912-8c38815a7625,A06,2020-07-29,770.0,1.4012192273226878,21.4375,5.0625,4.0,0,0.95,
TeamA-4051bba7-1170-4c43-b912-8c38815a7625,A06,2020-08-02,600.0,0.821965332311243,21.598214285714285,2.6517857142857153,4.0,0,1.179,
TeamA-4051bba7-1170-4c43-b912-8c38815a7625,A06,2020-08-03,980.0,2.1167681564544725,21.4375,2.8125,3.0,0,1.177,
TeamA-4051bba7-1170-4c43-b912-8c38815a7625,A06,2020-08-08,600.0,0.821965332311243,21.839285714285715,4.660714285714285,2.0,0,1.228,
TeamA-4051bba7-1170-4c43-b912-8c38815a7625,A06,2020-09-23,840.0,1.6397355370332827,23.607142857142858,0.6428571428571423,2.0,0,0.694,
TeamA-4051bba7-1170-4c43-b912-8c38815a7625,A06,2020-09-26,600.0,0.821965332311243,23.285714285714285,5.464285714285715,2.0,0,1.103,
TeamA-4051bba7-1170-4c43-b912-8c38815a7625,A06,2020-10-04,600.0,0.821965332311243,22.964285714285715,1.2857142857142847,3.0,0,1.111,
TeamA-4051bba7-1170-4c43-b912-8c38815a7625,A06,2020-10-14,750.0,1.3330717102625178,22.482142857142858,1.7678571428571423,3.0,0,0.993,
TeamA-4051bba7-1170-4c43-b912-8c38815a7625,A06,2020-10-18,600.0,0.821965332311243,23.044642857142858,5.705357142857142,6.0,0,1.098,
TeamA-4051bba7-1170-4c43-b912-8c38815a7625,A06,2020-10-21,840.0,1.6397355370332827,23.205357142857142,1.0446428571428577,3.0,0,1.136,
TeamA-4051bba7-1170-4c43-b912-8c38815a7625,A06,2020-10-22,640.0,0.958260366431583,23.285714285714285,0.9642857142857153,2.0,0,1.132,
TeamA-4051bba7-1170-4c43-b912-8c38815a7625,A06,2020-10-27,680.0,1.094555400551923,23.285714285714285,0.9642857142857153,2.0,0,1.092,
TeamA-4051bba7-1170-4c43-b912-8c38815a7625,A06,2020-11-01,600.0,0.821965332311243,23.607142857142858,0.6428571428571423,3.0,0,1.206,
TeamA-4051bba7-1170-4c43-b912-8c38815a7625,A06,2020-11-02,820.0,1.5715880199731127,23.607142857142858,0.6428571428571423,2.0,0,1.325,
TeamA-4051bba7-1170-4c43-b912-8c38815a7625,A06,2020-11-07,600.0,0.821965332311243,23.666666666666668,5.083333333333332,6.0,0,1.072,
TeamA-4051bba7-1170-4c43-b912-8c38815a7625,A06,2020-11-11,950.0,2.0145468808642173,24.083333333333332,0.16666666666666785,2.0,0,0.784,
TeamA-4051bba7-1170-4c43-b912-8c38815a7625,A06,2020-11-24,600.0,0.821965332311243,23.583333333333332,5.166666666666668,6.0,0,0.844,
TeamA-4051bba7-1170-4c43-b912-8c38815a7625,A06,2020-11-25,1080.0,2.4575057417553223,23.557692307692307,5.192307692307693,5.0,0,0.981,
TeamA-4051bba7-1170-4c43-b912-8c38815a7625,A06,2020-11-27,700.0,1.1627029176120929,23.73076923076923,5.01923076923077,3.0,0,1.045,
TeamA-4051bba7-1170-4c43-b912-8c38815a7625,A06,2020-12-02,750.0,1.3330717102625178,23.990384615384617,2.5096153846153832,,1,1.084,
TeamA-4051bba7-1170-4c43-b912-8c38815a7625,A06,2021-01-26,630.0,0.924186607901498,23.65,9.600000000000001,,1,1.147,
TeamA-4051bba7-1170-4c43-b912-8c38815a7625,A06,2021-01-29,800.0,1.5034405029129427,23.875,9.375,10.0,0,1.009,
TeamA-4051bba7-1170-4c43-b912-8c38815a7625,A06,2021-02-05,720.0,1.2308504346722628,24.43,2.0700000000000003,3.0,0,0.848,
TeamA-4051bba7-1170-4c43-b912-8c38815a7625,A06,2021-02-06,800.0,1.5034405029129427,24.423076923076923,2.0769230769230766,2.0,0,1.034,
TeamA-4051bba7-1170-4c43-b912-8c38815a7625,A06,2021-02-19,630.0,0.924186607901498,24.973214285714285,1.5267857142857153,2.0,0,0.899,
TeamA-4051bba7-1170-4c43-b912-8c38815a7625,A06,2021-02-22,880.0,1.7760305711536226,25.133928571428573,8.116071428571427,6.0,0,1.147,
TeamA-4051bba7-1170-4c43-b912-8c38815a7625,A06,2021-03-08,720.0,1.2308504346722628,25.666666666666668,0.8333333333333321,3.0,0,0.961,
TeamA-4051bba7-1170-4c43-b912-8c38815a7625,A06,2021-03-09,720.0,1.2308504346722628,25.75,0.75,2.0,0,1.013,
TeamA-4051bba7-1170-4c43-b912-8c38815a7625,A06,2021-03-12,660.0,1.026407883491753,25.833333333333332,0.6666666666666679,2.0,0,1.253,
TeamA-4051bba7-1170-4c43-b912-8c38815a7625,A06,2021-03-17,720.0,1.2308504346722628,26.0,0.5,4.0,0,1.023,
TeamA-4051bba7-1170-4c43-b912-8c38815a7625,A06,2021-04-06,720.0,1.2308504346722628,24.333333333333332,2.166666666666668,3.0,0,0.894,
TeamA-4051bba7-1170-4c43-b912-8c38815a7625,A06,2021-04-10,810.0,1.5375142614430277,24.333333333333332,2.166666666666668,3.0,0,1.496,
TeamA-4051bba7-1170-4c43-b912-8c38815a7625,A06,2021-04-14,600.0,0.821965332311243,24.333333333333332,2.166666666666668,3.0,0,1.516,
TeamA-4051bba7-1170-4c43-b912-8c38815a7625,A06,2021-04-28,630.0,0.924186607901498,24.410714285714285,2.0892857142857153,2.0,0,0.924,
TeamA-4051bba7-1170-4c43-b912-8c38815a7625,A06,2021-04-30,770.0,1.4012192273226878,24.732142857142858,1.7678571428571423,2.0,0,1.014,
TeamA-4051bba7-1170-4c43-b912-8c38815a7625,A06,2021-05-04,660.0,1.026407883491753,25.696428571428573,0.803571428571427,3.0,0,1.152,
TeamA-4051bba7-1170-4c43-b912-8c38815a7625,A06,2021-05-05,600.0,0.821965332311243,25.666666666666668,0.8333333333333321,2.0,0,1.131,
TeamA-4051bba7-1170-4c43-b912-8c38815a7625,A06,2021-05-10,770.0,1.4012192273226878,25.5,3.25,4.0,0,1.096,
TeamA-4051bba7-1170-4c43-b912-8c38815a7625,A06,2021-05-11,630.0,0.924186607901498,25.416666666666668,3.333333333333332,3.0,0,1.071,
TeamA-4051bba7-1170-4c43-b912-8c38815a7625,A06,2021-05-14,700.0,1.1627029176120929,25.583333333333332,5.416666666666668,6.0,0,1.197,
TeamA-4051bba7-1170-4c43-b912-8c38815a7625,A06,2021-05-16,840.0,1.6397355370332827,25.666666666666668,5.333333333333332,4.0,0,1.078,
TeamA-4051bba7-1170-4c43-b912-8c38815a7625,A06,2021-05-17,990.0,2.1508419149845572,25.75,0.75,3.0,0,1.092,
TeamA-4051bba7-1170-4c43-b912-8c38815a7625,A06,2021-05-18,630.0,0.924186607901498,25.916666666666668,0.5833333333333321,2.0,0,1.085,
TeamA-4051bba7-1170-4c43-b912-8c38815a7625,A06,2021-05-21,700.0,1.1627029176120929,25.916666666666668,0.5833333333333321,5.0,0,1.188,
TeamA-4051bba7-1170-4c43-b912-8c38815a7625,A06,2021-05-22,840.0,1.6397355370332827,25.75,0.75,4.0,0,1.367,
TeamA-4051bba7-1170-4c43-b912-8c38815a7625,A06,2021-05-24,700.0,1.1627029176120929,25.916666666666668,0.5833333333333321,2.0,0,1.13,
TeamA-4051bba7-1170-4c43-b912-8c38815a7625,A06,2021-06-01,720.0,1.2308504346722628,25.666666666666668,5.333333333333332,3.0,0,0.905,
TeamA-4051bba7-1170-4c43-b912-8c38815a7625,A06,2021-06-02,1080.0,2.4575057417553223,25.776785714285715,0.7232142857142847,2.0,0,1.075,
TeamA-4051bba7-1170-4c43-b912-8c38815a7625,A06,2021-06-05,840.0,1.6397355370332827,25.9375,2.8125,3.0,0,1.066,
TeamA-4051bba7-1170-4c43-b912-8c38815a7625,A06,2021-06-08,720.0,1.2308504346722628,26.419642857142858,0.08035714285714235,2.0,0,1.166,
TeamA-4051bba7-1170-4c43-b912-8c38815a7625,A06,2021-06-10,700.0,1.1627029176120929,26.258928571428573,0.24107142857142705,2.0,0,0.996,
TeamA-4051bba7-1170-4c43-b912-8c38815a7625,A06,2021-06-14,800.0,1.5034405029129427,25.776785714285715,2.9732142857142847,2.0,0,0.723,
TeamA-4051bba7-1170-4c43-b912-8c38815a7625,A06,2021-06-19,630.0,0.924186607901498,25.535714285714285,3.2142857142857153,3.0,0,0.996,
TeamA-4051bba7-1170-4c43-b912-8c38815a7625,A06,2021-06-22,840.0,1.6397355370332827,25.455357142857142,3.2946428571428577,2.0,0,1.064,
TeamA-4051bba7-1170-4c43-b912-8c38815a7625,A06,2021-07-16,770.0,1.4012192273226878,26.017857142857142,0.48214285714285765,2.0,0,0.945,
TeamA-4051bba7-1170-4c43-b912-8c38815a7625,A06,2021-07-20,1620.0,4.297488702379911,25.857142857142858,5.142857142857142,2.0,0,1.211,
TeamA-4051bba7-1170-4c43-b912-8c38815a7625,A06,2021-08-07,630.0,0.924186607901498,23.928571428571427,2.571428571428573,5.0,0,1.25,
TeamA-4051bba7-1170-4c43-b912-8c38815a7625,A06,2021-08-14,800.0,1.5034405029129427,24.089285714285715,4.660714285714285,6.0,0,1.19,
TeamA-4051bba7-1170-4c43-b912-8c38815a7625,A06,2021-08-18,720.0,1.2308504346722628,24.089285714285715,4.660714285714285,2.0,0,1.227,
TeamA-4051bba7-1170-4c43-b912-8c38815a7625,A06,2021-08-21,1440.0,3.684161048838382,24.089285714285715,4.660714285714285,,1,1.222,
TeamA-4051bba7-1170-4c43-b912-8c38815a7625,A06,2021-08-28,880.0,1.7760305711536226,24.892857142857142,1.6071428571428577,2.0,0,0.911,
TeamA-4051bba7-1170-4c43-b912-8c38815a7625,A06,2021-08-30,630.0,0.924186607901498,25.375,3.375,4.0,0,0.966,
TeamA-4051bba7-1170-4c43-b912-8c38815a7625,A06,2021-08-31,630.0,0.924186607901498,25.455357142857142,3.2946428571428577,3.0,0,1.02,
TeamA-4051bba7-1170-4c43-b912-8c38815a7625,A06,2021-09-21,840.0,1.6397355370332827,25.776785714285715,0.7232142857142847,2.0,0,1.225,
TeamA-4051bba7-1170-4c43-b912-8c38815a7625,A06,2021-09-25,840.0,1.6397355370332827,25.776785714285715,2.9732142857142847,3.0,0,1.487,
TeamA-4051bba7-1170-4c43-b912-8c38815a7625,A06,2021-10-03,840.0,1.6397355370332827,25.535714285714285,3.2142857142857153,4.0,0,1.279,
TeamA-4051bba7-1170-4c43-b912-8c38815a7625,A06,2021-10-13,840.0,1.6397355370332827,25.133928571428573,5.866071428571427,2.0,0,1.101,
TeamA-4051bba7-1170-4c43-b912-8c38815a7625,A06,2021-10-16,840.0,1.6397355370332827,25.455357142857142,1.0446428571428577,5.0,0,1.037,
TeamA-4051bba7-1170-4c43-b912-8c38815a7625,A06,2021-11-02,700.0,1.1627029176120929,25.696428571428573,0.803571428571427,2.0,0,1.078,
TeamA-4051bba7-1170-4c43-b912-8c38815a7625,A06,2021-11-13,840.0,1.6397355370332827,25.776785714285715,5.223214285714285,,1,1.311,
TeamA-560cb066-a8ae-412f-b09f-0d2a6aa0cf05,A07,2020-04-29,700.0,1.6490652208045427,23.607142857142858,7.392857142857142,8.0,0,0.882,
TeamA-560cb066-a8ae-412f-b09f-0d2a6aa0cf05,A07,2020-05-15,770.0,1.8863618106486608,23.767857142857142,4.982142857142858,8.0,0,2.22,
TeamA-560cb066-a8ae-412f-b09f-0d2a6aa0cf05,A07,2020-05-25,500.0,0.971074964107062,23.285714285714285,7.714285714285715,3.0,0,1.488,
TeamA-560cb066-a8ae-412f-b09f-0d2a6aa0cf05,A07,2020-06-02,600.0,1.3100700924558022,22.625,1.625,3.0,0,1.089,
TeamA-560cb066-a8ae-412f-b09f-0d2a6aa0cf05,A07,2020-06-09,600.0,1.3100700924558022,22.535714285714285,3.9642857142857153,2.0,0,0.787,
TeamA-560cb066-a8ae-412f-b09f-0d2a6aa0cf05,A07,2020-06-22,600.0,1.3100700924558022,21.25,9.75,6.0,0,0.824,
TeamA-560cb066-a8ae-412f-b09f-0d2a6aa0cf05,A07,2020-06-23,500.0,0.971074964107062,21.333333333333332,5.166666666666668,5.0,0,0.813,
TeamA-560cb066-a8ae-412f-b09f-0d2a6aa0cf05,A07,2020-06-24,720.0,1.7168642464742907,21.583333333333332,2.666666666666668,4.0,0,1.012,
TeamA-560cb066-a8ae-412f-b09f-0d2a6aa0cf05,A07,2020-06-25,560.0,1.174472041116306,21.416666666666668,2.833333333333332,3.0,0,1.077,
TeamA-560cb066-a8ae-412f-b09f-0d2a6aa0cf05,A07,2020-07-03,640.0,1.4456681437952983,21.919642857142858,2.3303571428571423,3.0,0,0.706,
TeamA-560cb066-a8ae-412f-b09f-0d2a6aa0cf05,A07,2020-07-11,720.0,1.7168642464742907,21.333333333333332,5.166666666666668,,1,1.101,
TeamA-560cb066-a8ae-412f-b09f-0d2a6aa0cf05,A07,2020-07-15,780.0,1.9202613234835348,22.0,2.25,7.0,0,1.224,
TeamA-560cb066-a8ae-412f-b09f-0d2a6aa0cf05,A07,2020-07-16,660.0,1.5134671694650463,22.166666666666668,2.083333333333332,6.0,0,1.283,
TeamA-560cb066-a8ae-412f-b09f-0d2a6aa0cf05,A07,2020-07-17,700.0,1.6490652208045427,22.583333333333332,1.6666666666666679,5.0,0,1.43,
TeamA-560cb066-a8ae-412f-b09f-0d2a6aa0cf05,A07,2020-07-20,580.0,1.2422710667860541,22.951923076923077,1.2980769230769234,2.0,0,1.347,
TeamA-560cb066-a8ae-412f-b09f-0d2a6aa0cf05,A07,2020-07-22,600.0,1.3100700924558022,22.778846153846153,5.971153846153847,3.0,0,1.267,
TeamA-560cb066-a8ae-412f-b09f-0d2a6aa0cf05,A07,2020-07-23,700.0,1.6490652208045427,22.60576923076923,3.89423076923077,2.0,0,1.265,
TeamA-560cb066-a8ae-412f-b09f-0d2a6aa0cf05,A07,2020-07-30,550.0,1.140572528281432,22.9,8.100000000000001,8.0,0,0.848,
TeamA-560cb066-a8ae-412f-b09f-0d2a6aa0cf05,A07,2020-07-31,800.0,1.988060349153283,22.81,8.190000000000001,7.0,0,1.067,
TeamA-560cb066-a8ae-412f-b09f-0d2a6aa0cf05,A07,2020-08-02,640.0,1.4456681437952983,23.26,3.2399999999999984,5.0,0,1.269,
TeamA-560cb066-a8ae-412f-b09f-0d2a6aa0cf05,A07,2020-08-04,540.0,1.106673015446558,23.817307692307693,2.6826923076923066,3.0,0,1.252,
TeamA-560cb066-a8ae-412f-b09f-0d2a6aa0cf05,A07,2020-08-08,560.0,1.174472041116306,24.33653846153846,2.16346153846154,2.0,0,1.087,
TeamA-560cb066-a8ae-412f-b09f-0d2a6aa0cf05,A07,2020-08-12,550.0,1.140572528281432,24.25,2.25,2.0,0,0.872,
TeamA-560cb066-a8ae-412f-b09f-0d2a6aa0cf05,A07,2020-08-13,600.0,1.3100700924558022,24.16346153846154,4.58653846153846,3.0,0,0.877,
TeamA-560cb066-a8ae-412f-b09f-0d2a6aa0cf05,A07,2020-09-02,1020.0,2.7338496315205116,21.8125,2.4375,2.0,0,1.043,
TeamA-560cb066-a8ae-412f-b09f-0d2a6aa0cf05,A07,2020-09-07,540.0,1.106673015446558,21.15625,3.09375,2.0,0,1.185,
TeamA-560cb066-a8ae-412f-b09f-0d2a6aa0cf05,A07,2020-09-14,540.0,1.106673015446558,19.945652173913043,2.054347826086957,5.0,0,0.922,
TeamA-560cb066-a8ae-412f-b09f-0d2a6aa0cf05,A07,2020-09-16,840.0,2.123658400492779,20.3125,1.6875,3.0,0,1.03,
TeamA-560cb066-a8ae-412f-b09f-0d2a6aa0cf05,A07,2020-09-21,600.0,1.3100700924558022,20.141304347826086,4.108695652173914,5.0,0,1.036,
TeamA-560cb066-a8ae-412f-b09f-0d2a6aa0cf05,A07,2020-09-28,600.0,1.3100700924558022,20.59375,5.90625,6.0,0,0.912,
TeamA-560cb066-a8ae-412f-b09f-0d2a6aa0cf05,A07,2020-10-10,720.0,1.7168642464742907,21.8875,2.3625000000000007,3.0,0,0.765,
TeamA-560cb066-a8ae-412f-b09f-0d2a6aa0cf05,A07,2020-10-14,960.0,2.5304525545112675,21.407894736842106,7.342105263157894,3.0,0,1.188,
TeamA-560cb066-a8ae-412f-b09f-0d2a6aa0cf05,A07,2020-10-15,540.0,1.106673015446558,21.325,7.425000000000001,2.0,0,1.392,
TeamA-560cb066-a8ae-412f-b09f-0d2a6aa0cf05,A07,2020-10-19,600.0,1.3100700924558022,21.892857142857142,4.607142857142858,6.0,0,1.35,
TeamA-560cb066-a8ae-412f-b09f-0d2a6aa0cf05,A07,2020-11-02,720.0,1.7168642464742907,22.214285714285715,2.0357142857142847,3.0,0,0.946,
TeamA-560cb066-a8ae-412f-b09f-0d2a6aa0cf05,A07,2020-11-18,1440.0,4.157629170585221,21.644736842105264,2.6052631578947363,7.0,0,1.046,
TeamA-560cb066-a8ae-412f-b09f-0d2a6aa0cf05,A07,2020-11-25,730.0,1.7507637593091647,21.073529411764707,3.1764705882352935,2.0,0,0.356,
TeamA-560cb066-a8ae-412f-b09f-0d2a6aa0cf05,A07,2020-12-02,620.0,1.3778691181255502,20.25,1.75,3.0,0,1.262,
TeamA-560cb066-a8ae-412f-b09f-0d2a6aa0cf05,A07,2021-01-25,840.0,2.123658400492779,20.5,1.5,2.0,0,1.912,
TeamA-560cb066-a8ae-412f-b09f-0d2a6aa0cf05,A07,2021-01-27,710.0,1.6829647336394167,20.544117647058822,10.455882352941178,,1,1.386,
TeamA-560cb066-a8ae-412f-b09f-0d2a6aa0cf05,A07,2021-01-28,780.0,1.9202613234835348,20.5,10.5,,1,1.63,
TeamA-560cb066-a8ae-412f-b09f-0d2a6aa0cf05,A07,2021-01-29,600.0,1.3100700924558022,20.81578947368421,10.184210526315791,,1,1.547,
TeamA-560cb066-a8ae-412f-b09f-0d2a6aa0cf05,A07,2021-01-30,690.0,1.6151657079696686,20.9875,10.0125,,1,1.723,
TeamA-560cb066-a8ae-412f-b09f-0d2a6aa0cf05,A07,2021-02-02,760.0,1.8524622978137868,21.41304347826087,9.586956521739129,,1,1.475,
TeamA-560cb066-a8ae-412f-b09f-0d2a6aa0cf05,A07,2021-02-04,570.0,1.2083715539511801,22.0,9.0,7.0,0,1.168,
TeamA-560cb066-a8ae-412f-b09f-0d2a6aa0cf05,A07,2021-02-17,890.0,2.2931559646671493,23.916666666666668,4.833333333333332,2.0,0,1.239,
TeamA-560cb066-a8ae-412f-b09f-0d2a6aa0cf05,A07,2021-02-23,560.0,1.174472041116306,25.0,1.5,2.0,0,0.86,
TeamA-560cb066-a8ae-412f-b09f-0d2a6aa0cf05,A07,2021-02-27,1620.0,4.767820401612953,25.33,7.920000000000002,6.0,0,1.436,
TeamA-560cb066-a8ae-412f-b09f-0d2a6aa0cf05,A07,2021-03-01,700.0,1.6490652208045427,25.5625,7.6875,4.0,0,1.401,
TeamA-560cb066-a8ae-412f-b09f-0d2a6aa0cf05,A07,2021-03-15,1270.0,3.581337452392362,24.641304347826086,6.358695652173914,8.0,0,1.202,
TeamA-560cb066-a8ae-412f-b09f-0d2a6aa0cf05,A07,2021-03-16,630.0,1.4117686309604243,24.73913043478261,6.260869565217391,7.0,0,1.213,
TeamA-560cb066-a8ae-412f-b09f-0d2a6aa0cf05,A07,2021-03-17,1110.0,3.038945247034378,24.934782608695652,6.065217391304348,6.0,0,1.37,
TeamA-560cb066-a8ae-412f-b09f-0d2a6aa0cf05,A07,2021-03-24,950.0,2.4965530416763935,24.785714285714285,1.7142857142857153,2.0,0,0.938,
TeamA-560cb066-a8ae-412f-b09f-0d2a6aa0cf05,A07,2021-04-08,720.0,1.7168642464742907,23.285714285714285,5.464285714285715,,1,0.903,
TeamA-560cb066-a8ae-412f-b09f-0d2a6aa0cf05,A07,2021-04-09,630.0,1.4117686309604243,23.285714285714285,5.464285714285715,,1,1.1,
TeamA-560cb066-a8ae-412f-b09f-0d2a6aa0cf05,A07,2021-04-12,700.0,1.6490652208045427,24.025,2.4750000000000014,8.0,0,1.227,
TeamA-560cb066-a8ae-412f-b09f-0d2a6aa0cf05,A07,2021-04-13,630.0,1.4117686309604243,24.25,2.25,7.0,0,1.258,
TeamA-560cb066-a8ae-412f-b09f-0d2a6aa0cf05,A07,2021-09-07,630.0,1.4117686309604243,19.61764705882353,6.882352941176471,,1,2.074,
TeamA-560cb066-a8ae-412f-b09f-0d2a6aa0cf05,A07,2021-09-08,890.0,2.2931559646671493,19.220588235294116,7.279411764705884,,1,2.626,
TeamA-560cb066-a8ae-412f-b09f-0d2a6aa0cf05,A07,2021-09-09,630.0,1.4117686309604243,19.485294117647058,7.014705882352942,,1,2.319,
TeamA-560cb066-a8ae-412f-b09f-0d2a6aa0cf05,A07,2021-10-04,540.0,1.106673015446558,20.734375,1.265625,3.0,0,0.484,
TeamA-560cb066-a8ae-412f-b09f-0d2a6aa0cf05,A07,2021-10-05,540.0,1.106673015446558,20.875,1.125,2.0,0,0.877,
TeamA-5a3be598-2f51-426f-95a5-b63d1d7c1b43,A08,2020-05-08,840.0,1.5421637547983817,18.76,9.989999999999998,2.0,0,1.233,
TeamA-5a3be598-2f51-426f-95a5-b63d1d7c1b43,A08,2020-05-11,630.0,0.8520975632629596,19.317307692307693,7.182692307692307,6.0,0,1.135,
TeamA-5a3be598-2f51-426f-95a5-b63d1d7c1b43,A08,2020-05-12,1010.0,2.1007887669937233,19.923076923076923,6.576923076923077,3.0,0,1.158,
TeamA-5a3be598-2f51-426f-95a5-b63d1d7c1b43,A08,2020-05-13,700.0,1.0821196271081004,20.096153846153847,1.9038461538461533,2.0,0,1.239,
TeamA-5a3be598-2f51-426f-95a5-b63d1d7c1b43,A08,2020-05-26,800.0,1.4107225754583013,19.576923076923077,2.4230769230769234,2.0,0,0.856,
TeamA-5a3be598-2f51-426f-95a5-b63d1d7c1b43,A08,2020-06-01,720.0,1.1478402167781405,18.71153846153846,12.28846153846154,4.0,0,1.154,
TeamA-5a3be598-2f51-426f-95a5-b63d1d7c1b43,A08,2020-06-02,1100.0,2.3965314205089046,18.85,12.149999999999999,3.0,0,1.208,
TeamA-5a3be598-2f51-426f-95a5-b63d1d7c1b43,A08,2020-06-03,900.0,1.7393255238085024,18.94,12.059999999999999,2.0,0,1.194,
TeamA-5a3be598-2f51-426f-95a5-b63d1d7c1b43,A08,2020-06-05,630.0,0.8520975632629596,19.576923076923077,0.17307692307692335,2.0,0,1.092,
TeamA-5a3be598-2f51-426f-95a5-b63d1d7c1b43,A08,2020-06-09,820.0,1.4764431651283416,18.625,7.875,3.0,0,1.244,
TeamA-5a3be598-2f51-426f-95a5-b63d1d7c1b43,A08,2020-06-10,1200.0,2.725134368859105,18.365384615384617,1.3846153846153832,2.0,0,1.281,
TeamA-5a3be598-2f51-426f-95a5-b63d1d7c1b43,A08,2020-06-17,990.0,2.035068177323683,17.916666666666668,6.333333333333332,2.0,0,0.984,
TeamA-5a3be598-2f51-426f-95a5-b63d1d7c1b43,A08,2020-06-27,800.0,1.4107225754583013,18.01923076923077,3.98076923076923,3.0,0,0.95,
TeamA-5a3be598-2f51-426f-95a5-b63d1d7c1b43,A08,2020-06-30,800.0,1.4107225754583013,18.583333333333332,5.666666666666668,7.0,0,0.953,
TeamA-5a3be598-2f51-426f-95a5-b63d1d7c1b43,A08,2020-07-07,630.0,0.8520975632629596,18.75,10.0,2.0,0,0.679,
TeamA-5a3be598-2f51-426f-95a5-b63d1d7c1b43,A08,2020-07-22,630.0,0.8520975632629596,19.416666666666668,2.583333333333332,3.0,0,0.697,
TeamA-5a3be598-2f51-426f-95a5-b63d1d7c1b43,A08,2020-07-29,770.0,1.312141690953241,19.508928571428573,11.491071428571427,3.0,0,1.008,
TeamA-5a3be598-2f51-426f-95a5-b63d1d7c1b43,A08,2020-07-30,800.0,1.4107225754583013,19.428571428571427,11.571428571428573,2.0,0,1.299,
TeamA-5a3be598-2f51-426f-95a5-b63d1d7c1b43,A08,2020-08-10,720.0,1.1478402167781405,18.866071428571427,0.883928571428573,2.0,0,1.02,
TeamA-5a3be598-2f51-426f-95a5-b63d1d7c1b43,A08,2020-08-12,880.0,1.6736049341384622,18.705357142857142,7.794642857142858,4.0,0,1.344,
TeamA-5a3be598-2f51-426f-95a5-b63d1d7c1b43,A08,2020-08-13,700.0,1.0821196271081004,18.705357142857142,7.794642857142858,3.0,0,1.389,
TeamA-5a3be598-2f51-426f-95a5-b63d1d7c1b43,A08,2020-08-17,720.0,1.1478402167781405,19.267857142857142,2.7321428571428577,4.0,0,1.247,
TeamA-5a3be598-2f51-426f-95a5-b63d1d7c1b43,A08,2020-08-19,630.0,0.8520975632629596,19.267857142857142,2.7321428571428577,2.0,0,0.994,
TeamA-5a3be598-2f51-426f-95a5-b63d1d7c1b43,A08,2020-09-02,630.0,0.8520975632629596,18.625,5.625,7.0,0,1.03,
TeamA-5a3be598-2f51-426f-95a5-b63d1d7c1b43,A08,2020-09-07,720.0,1.1478402167781405,19.267857142857142,2.7321428571428577,2.0,0,1.044,
TeamA-5a3be598-2f51-426f-95a5-b63d1d7c1b43,A08,2020-09-09,890.0,1.7064652289734823,19.508928571428573,2.491071428571427,2.0,0,1.226,
TeamA-5a3be598-2f51-426f-95a5-b63d1d7c1b43,A08,2020-09-14,720.0,1.1478402167781405,19.166666666666668,5.083333333333332,3.0,0,1.191,
TeamA-5a3be598-2f51-426f-95a5-b63d1d7c1b43,A08,2020-09-15,630.0,0.8520975632629596,19.166666666666668,0.5833333333333321,2.0,0,1.122,
TeamA-5a3be598-2f51-426f-95a5-b63d1d7c1b43,A08,2020-09-22,630.0,0.8520975632629596,19.5,7.0,4.0,0,1.259,
TeamA-5a3be598-2f51-426f-95a5-b63d1d7c1b43,A08,2020-09-23,1020.0,2.1336490618287436,19.166666666666668,7.333333333333332,3.0,0,1.186,
TeamA-5a3be598-2f51-426f-95a5-b63d1d7c1b43,A08,2020-09-28,630.0,0.8520975632629596,19.75,11.25,6.0,0,0.937,
TeamA-5a3be598-2f51-426f-95a5-b63d1d7c1b43,A08,2020-09-30,1020.0,2.1336490618287436,20.333333333333332,3.916666666666668,4.0,0,0.847,
TeamA-5a3be598-2f51-426f-95a5-b63d1d7c1b43,A08,2020-10-01,630.0,0.8520975632629596,20.5,3.75,3.0,0,1.015,
TeamA-5a3be598-2f51-426f-95a5-b63d1d7c1b43,A08,2020-10-08,810.0,1.4435828702933216,20.416666666666668,3.833333333333332,2.0,0,0.726,
TeamA-5a3be598-2f51-426f-95a5-b63d1d7c1b43,A08,2020-10-12,900.0,1.7393255238085024,20.714285714285715,3.5357142857142847,2.0,0,0.838,
TeamA-5a3be598-2f51-426f-95a5-b63d1d7c1b43,A08,2020-10-14,930.0,1.8379064083135626,20.633928571428573,5.866071428571427,6.0,0,1.111,
TeamA-5a3be598-2f51-426f-95a5-b63d1d7c1b43,A08,2020-10-15,630.0,0.8520975632629596,20.473214285714285,6.026785714285715,5.0,0,1.043,
TeamA-5a3be598-2f51-426f-95a5-b63d1d7c1b43,A08,2020-10-23,700.0,1.0821196271081004,21.517857142857142,2.7321428571428577,3.0,0,1.127,
TeamA-5a3be598-2f51-426f-95a5-b63d1d7c1b43,A08,2020-10-28,930.0,1.8379064083135626,21.276785714285715,2.9732142857142847,3.0,0,1.193,
TeamA-5a3be598-2f51-426f-95a5-b63d1d7c1b43,A08,2020-10-29,630.0,0.8520975632629596,21.196428571428573,3.053571428571427,2.0,0,1.163,
TeamA-5a3be598-2f51-426f-95a5-b63d1d7c1b43,A08,2020-11-04,720.0,1.1478402167781405,20.875,7.875,3.0,0,0.895,
TeamA-5a3be598-2f51-426f-95a5-b63d1d7c1b43,A08,2020-11-18,900.0,1.7393255238085024,21.116071428571427,5.383928571428573,3.0,0,1.019,
TeamA-5a3be598-2f51-426f-95a5-b63d1d7c1b43,A08,2020-11-23,800.0,1.4107225754583013,21.416666666666668,9.583333333333332,7.0,0,1.238,
TeamA-5a3be598-2f51-426f-95a5-b63d1d7c1b43,A08,2020-11-24,630.0,0.8520975632629596,21.333333333333332,9.666666666666668,6.0,0,1.33,
TeamA-5a3be598-2f51-426f-95a5-b63d1d7c1b43,A08,2020-11-28,810.0,1.4435828702933216,22.166666666666668,8.833333333333332,2.0,0,1.146,
TeamA-5a3be598-2f51-426f-95a5-b63d1d7c1b43,A08,2020-12-02,720.0,1.1478402167781405,23.5,7.5,5.0,0,0.888,
TeamA-5a3be598-2f51-426f-95a5-b63d1d7c1b43,A08,2020-12-16,670.0,0.9835387426030401,24.083333333333332,0.16666666666666785,2.0,0,0.757,
TeamA-5a3be598-2f51-426f-95a5-b63d1d7c1b43,A08,2020-12-30,800.0,1.4107225754583013,21.678571428571427,7.071428571428573,3.0,0,1.521,
TeamA-5a3be598-2f51-426f-95a5-b63d1d7c1b43,A08,2021-01-15,920.0,1.8050461134785425,18.666666666666668,5.583333333333332,3.0,0,0.993,
TeamA-5a3be598-2f51-426f-95a5-b63d1d7c1b43,A08,2021-01-20,630.0,0.8520975632629596,18.583333333333332,10.166666666666668,,1,1.14,
TeamA-5a3be598-2f51-426f-95a5-b63d1d7c1b43,A08,2021-01-22,720.0,1.1478402167781405,18.416666666666668,10.333333333333332,,1,0.977,
TeamA-5a3be598-2f51-426f-95a5-b63d1d7c1b43,A08,2021-01-25,750.0,1.246421101283201,19.333333333333332,9.416666666666668,,1,0.875,
TeamA-5a3be598-2f51-426f-95a5-b63d1d7c1b43,A08,2021-01-27,790.0,1.3778622806232812,19.833333333333332,8.916666666666668,,1,0.824,
TeamA-5a3be598-2f51-426f-95a5-b63d1d7c1b43,A08,2021-01-29,770.0,1.312141690953241,20.0,8.75,,1,0.884,
TeamA-5a3be598-2f51-426f-95a5-b63d1d7c1b43,A08,2021-02-01,630.0,0.8520975632629596,20.875,5.625,,1,1.02,
TeamA-5a3be598-2f51-426f-95a5-b63d1d7c1b43,A08,2021-02-02,700.0,1.0821196271081004,21.116071428571427,5.383928571428573,,1,1.269,
TeamA-5a3be598-2f51-426f-95a5-b63d1d7c1b43,A08,2021-02-03,800.0,1.4107225754583013,21.357142857142858,5.142857142857142,,1,1.255,
TeamA-5a3be598-2f51-426f-95a5-b63d1d7c1b43,A08,2021-02-05,640.0,0.8849578580979798,22.080357142857142,4.419642857142858,6.0,0,1.174,
TeamA-5a3be598-2f51-426f-95a5-b63d1d7c1b43,A08,2021-02-15,630.0,0.8520975632629596,24.166666666666668,4.583333333333332,,1,0.905,
TeamA-5a3be598-2f51-426f-95a5-b63d1d7c1b43,A08,2021-02-17,660.0,0.9506784477680199,24.333333333333332,4.416666666666668,2.0,0,1.207,
TeamA-5a3be598-2f51-426f-95a5-b63d1d7c1b43,A08,2021-02-20,700.0,1.0821196271081004,24.833333333333332,1.6666666666666679,2.0,0,1.163,
TeamA-5a3be598-2f51-426f-95a5-b63d1d7c1b43,A08,2021-02-25,630.0,0.8520975632629596,24.916666666666668,8.333333333333332,2.0,0,1.055,
TeamA-5a3be598-2f51-426f-95a5-b63d1d7c1b43,A08,2021-03-03,880.0,1.6736049341384622,24.833333333333332,1.6666666666666679,2.0,0,1.123,
TeamA-5a3be598-2f51-426f-95a5-b63d1d7c1b43,A08,2021-03-05,640.0,0.8849578580979798,25.0,1.5,4.0,0,1.174,
TeamA-5a3be598-2f51-426f-95a5-b63d1d7c1b43,A08,2021-03-12,1100.0,2.3965314205089046,24.43,6.57,2.0,0,1.18,
TeamA-5a3be598-2f51-426f-95a5-b63d1d7c1b43,A08,2021-03-15,700.0,1.0821196271081004,24.25,2.25,3.0,0,1.187,
TeamA-5a3be598-2f51-426f-95a5-b63d1d7c1b43,A08,2021-03-16,630.0,0.8520975632629596,24.25,2.25,2.0,0,1.205,
TeamA-5a3be598-2f51-426f-95a5-b63d1d7c1b43,A08,2021-04-07,720.0,1.1478402167781405,21.55,4.949999999999999,3.0,0,1.383,
TeamA-5a3be598-2f51-426f-95a5-b63d1d7c1b43,A08,2021-04-10,880.0,1.6736049341384622,22.346153846153847,6.403846153846153,3.0,0,1.681,
TeamA-5a3be598-2f51-426f-95a5-b63d1d7c1b43,A08,2021-04-14,1070.0,2.297950536003844,22.259615384615383,4.240384615384617,2.0,0,1.881,
TeamA-5a3be598-2f51-426f-95a5-b63d1d7c1b43,A08,2021-04-21,910.0,1.7721858186435224,22.166666666666668,6.583333333333332,4.0,0,1.119,
TeamA-5a3be598-2f51-426f-95a5-b63d1d7c1b43,A08,2021-04-27,630.0,0.8520975632629596,21.833333333333332,4.666666666666668,3.0,0,1.011,
TeamA-5a3be598-2f51-426f-95a5-b63d1d7c1b43,A08,2021-04-28,1150.0,2.560832894684005,21.666666666666668,4.833333333333332,2.0,0,0.997,
TeamA-5a3be598-2f51-426f-95a5-b63d1d7c1b43,A08,2021-05-11,720.0,1.1478402167781405,21.035714285714285,3.2142857142857153,3.0,0,0.915,
TeamA-5a3be598-2f51-426f-95a5-b63d1d7c1b43,A08,2021-05-19,1510.0,3.7438035087447283,21.678571428571427,7.071428571428573,2.0,0,1.03,
TeamA-5a3be598-2f51-426f-95a5-b63d1d7c1b43,A08,2021-06-07,720.0,1.1478402167781405,19.026785714285715,14.223214285714285,7.0,0,1.057,
TeamA-5a3be598-2f51-426f-95a5-b63d1d7c1b43,A08,2021-06-24,660.0,0.9506784477680199,18.142857142857142,10.607142857142858,,1,1.377,
TeamA-5a3be598-2f51-426f-95a5-b63d1d7c1b43,A08,2021-06-25,660.0,0.9506784477680199,18.223214285714285,10.526785714285715,,1,1.493,
TeamA-5a3be598-2f51-426f-95a5-b63d1d7c1b43,A08,2021-06-30,840.0,1.5421637547983817,19.583333333333332,4.666666666666668,8.0,0,1.714,
TeamA-5a3be598-2f51-426f-95a5-b63d1d7c1b43,A08,2021-07-01,670.0,0.9835387426030401,20.0,2.0,2.0,0,1.642,
TeamA-5a3be598-2f51-426f-95a5-b63d1d7c1b43,A08,2021-07-13,980.0,2.0022078824886633,19.166666666666668,5.083333333333332,3.0,0,1.115,
TeamA-5a3be598-2f51-426f-95a5-b63d1d7c1b43,A08,2021-07-14,720.0,1.1478402167781405,19.333333333333332,2.666666666666668,2.0,0,1.117,
TeamA-5a3be598-2f51-426f-95a5-b63d1d7c1b43,A08,2021-08-02,770.0,1.312141690953241,18.383928571428573,8.116071428571427,5.0,0,1.117,
TeamA-5a3be598-2f51-426f-95a5-b63d1d7c1b43,A08,2021-08-03,630.0,0.8520975632629596,18.142857142857142,8.357142857142858,4.0,0,1.304,
TeamA-5a3be598-2f51-426f-95a5-b63d1d7c1b43,A08,2021-08-04,1140.0,2.527972599848985,18.303571428571427,8.196428571428573,3.0,0,1.464,
TeamA-5a3be598-2f51-426f-95a5-b63d1d7c1b43,A08,2021-08-11,900.0,1.7393255238085024,18.785714285714285,7.714285714285715,2.0,0,1.26,
TeamA-5a3be598-2f51-426f-95a5-b63d1d7c1b43,A08,2021-08-30,800.0,1.4107225754583013,18.625,10.125,4.0,0,0.961,
TeamA-5a3be598-2f51-426f-95a5-b63d1d7c1b43,A08,2021-09-01,630.0,0.8520975632629596,18.866071428571427,0.883928571428573,2.0,0,1.016,
TeamA-5a3be598-2f51-426f-95a5-b63d1d7c1b43,A08,2021-09-07,800.0,1.4107225754583013,18.303571428571427,10.446428571428573,4.0,0,1.21,
TeamA-5a3be598-2f51-426f-95a5-b63d1d7c1b43,A08,2021-09-08,1050.0,2.232229946333804,18.223214285714285,10.526785714285715,3.0,0,1.336,
TeamA-5a3be598-2f51-426f-95a5-b63d1d7c1b43,A08,2021-09-16,720.0,1.1478402167781405,19.267857142857142,9.482142857142858,2.0,0,0.998,
TeamA-5a3be598-2f51-426f-95a5-b63d1d7c1b43,A08,2021-09-20,1010.0,2.1007887669937233,19.428571428571427,0.32142857142857295,2.0,0,0.961,
TeamA-5a3be598-2f51-426f-95a5-b63d1d7c1b43,A08,2021-09-25,810.0,1.4435828702933216,19.508928571428573,4.741071428571427,3.0,0,1.181,
TeamA-5a3be598-2f51-426f-95a5-b63d1d7c1b43,A08,2021-10-04,870.0,1.6407446393034422,18.946428571428573,7.553571428571427,4.0,0,1.039,
TeamA-5a3be598-2f51-426f-95a5-b63d1d7c1b43,A08,2021-10-05,630.0,0.8520975632629596,18.946428571428573,7.553571428571427,3.0,0,1.08,
TeamA-5a3be598-2f51-426f-95a5-b63d1d7c1b43,A08,2021-10-06,870.0,1.6407446393034422,19.107142857142858,0.6428571428571423,2.0,0,1.058,
TeamA-5a3be598-2f51-426f-95a5-b63d1d7c1b43,A08,2021-10-26,1240.0,2.856575548199186,17.083333333333332,2.666666666666668,4.0,0,0.955,
TeamA-5a3be598-2f51-426f-95a5-b63d1d7c1b43,A08,2021-10-27,1020.0,2.1336490618287436,16.916666666666668,2.833333333333332,3.0,0,0.98,
TeamA-5a3be598-2f51-426f-95a5-b63d1d7c1b43,A08,2021-10-28,630.0,0.8520975632629596,17.0,0.5,2.0,0,1.116,
TeamA-5a3be598-2f51-426f-95a5-b63d1d7c1b43,A08,2021-11-03,1000.0,2.0679284721587035,17.5,2.25,2.0,0,1.273,
TeamA-5a3be598-2f51-426f-95a5-b63d1d7c1b43,A08,2021-11-08,630.0,0.8520975632629596,17.258928571428573,4.741071428571427,8.0,0,1.017,
TeamA-5a3be598-2f51-426f-95a5-b63d1d7c1b43,A08,2021-11-10,920.0,1.8050461134785425,17.017857142857142,4.982142857142858,6.0,0,0.907,
TeamA-5a3be598-2f51-426f-95a5-b63d1d7c1b43,A08,2021-11-25,630.0,0.8520975632629596,18.53846153846154,3.46153846153846,2.0,0,0.487,
TeamA-5a3be598-2f51-426f-95a5-b63d1d7c1b43,A08,2021-11-28,800.0,1.4107225754583013,18.625,5.625,7.0,0,1.08,
TeamA-5a3be598-2f51-426f-95a5-b63d1d7c1b43,A08,2021-12-01,790.0,1.3778622806232812,18.278846153846153,5.971153846153847,4.0,0,1.533,
TeamA-5a3be598-2f51-426f-95a5-b63d1d7c1b43,A08,2021-12-02,945.0,1.8871968505660928,18.451923076923077,5.798076923076923,3.0,0,1.619,
TeamA-5a3be598-2f51-426f-95a5-b63d1d7c1b43,A08,2021-12-06,770.0,1.312141690953241,18.94,9.809999999999999,4.0,0,1.441,
TeamA-5a3be598-2f51-426f-95a5-b63d1d7c1b43,A08,2021-12-07,660.0,0.9506784477680199,18.85,9.899999999999999,3.0,0,1.463,
TeamA-5a5b135d-d146-4b4c-b3da-efcd4d203f95,A09,2020-07-07,660.0,1.501981990191609,20.96153846153846,1.03846153846154,2.0,0,0.972,
TeamA-5a5b135d-d146-4b4c-b3da-efcd4d203f95,A09,2020-07-14,630.0,1.3900872147562657,20.96153846153846,1.03846153846154,3.0,0,0.921,
TeamA-5a5b135d-d146-4b4c-b3da-efcd4d203f95,A09,2020-07-15,670.0,1.5392802486700567,20.875,1.125,2.0,0,0.884,
TeamA-5a5b135d-d146-4b4c-b3da-efcd4d203f95,A09,2020-09-07,630.0,1.3900872147562657,19.03409090909091,0.7159090909090899,4.0,0,1.1,
TeamA-5a5b135d-d146-4b4c-b3da-efcd4d203f95,A09,2020-09-08,550.0,1.091701146928684,19.136363636363637,0.6136363636363633,3.0,0,1.384,
TeamA-5a5b135d-d146-4b4c-b3da-efcd4d203f95,A09,2020-09-09,880.0,2.3225436767174594,19.136363636363637,0.6136363636363633,2.0,0,1.598,
TeamA-5a5b135d-d146-4b4c-b3da-efcd4d203f95,A09,2020-09-14,670.0,1.5392802486700567,18.571428571428573,5.678571428571427,6.0,0,1.543,
TeamA-5a5b135d-d146-4b4c-b3da-efcd4d203f95,A09,2020-09-16,840.0,2.173350642803668,18.785714285714285,3.2142857142857153,4.0,0,1.36,
TeamA-5a5b135d-d146-4b4c-b3da-efcd4d203f95,A09,2020-09-21,580.0,1.2035959223640271,19.321428571428573,2.678571428571427,3.0,0,1.423,
TeamA-5a5b135d-d146-4b4c-b3da-efcd4d203f95,A09,2020-09-28,580.0,1.2035959223640271,19.5625,4.6875,3.0,0,0.913,
TeamA-5a5b135d-d146-4b4c-b3da-efcd4d203f95,A09,2020-10-21,740.0,1.800368058019191,20.392857142857142,3.8571428571428577,2.0,0,0.997,
TeamA-5a5b135d-d146-4b4c-b3da-efcd4d203f95,A09,2020-10-28,540.0,1.054402888450236,20.333333333333332,1.6666666666666679,2.0,0,1.023,
TeamA-5a5b135d-d146-4b4c-b3da-efcd4d203f95,A09,2020-11-13,540.0,1.054402888450236,20.92,1.0799999999999983,3.0,0,0.864,
TeamA-5a5b135d-d146-4b4c-b3da-efcd4d203f95,A09,2020-11-18,720.0,1.7257715410622956,20.65,3.6000000000000014,3.0,0,1.169,
TeamA-5a5b135d-d146-4b4c-b3da-efcd4d203f95,A09,2020-11-24,630.0,1.3900872147562657,20.78846153846154,1.21153846153846,2.0,0,1.318,
TeamA-5a5b135d-d146-4b4c-b3da-efcd4d203f95,A09,2020-11-27,580.0,1.2035959223640271,20.875,3.375,2.0,0,1.222,
TeamA-5a5b135d-d146-4b4c-b3da-efcd4d203f95,A09,2020-12-01,540.0,1.054402888450236,21.083333333333332,0.9166666666666679,3.0,0,1.22,
TeamA-5a5b135d-d146-4b4c-b3da-efcd4d203f95,A09,2021-01-25,540.0,1.054402888450236,21.578125,2.671875,,1,0.98,
TeamA-5a5b135d-d146-4b4c-b3da-efcd4d203f95,A09,2021-01-27,630.0,1.3900872147562657,21.875,2.375,,1,0.781,
TeamA-5a5b135d-d146-4b4c-b3da-efcd4d203f95,A09,2021-01-29,630.0,1.3900872147562657,21.8875,2.3625000000000007,,1,0.774,
TeamA-5a5b135d-d146-4b4c-b3da-efcd4d203f95,A09,2021-03-02,600.0,1.2781924393209225,21.73,0.2699999999999996,3.0,0,0.748,
TeamA-5a5b135d-d146-4b4c-b3da-efcd4d203f95,A09,2021-03-03,700.0,1.6511750241054,21.71875,0.28125,2.0,0,0.85,
TeamA-5a5b135d-d146-4b4c-b3da-efcd4d203f95,A09,2021-03-09,820.0,2.098754125846773,21.34375,2.90625,5.0,0,1.215,
TeamA-5a5b135d-d146-4b4c-b3da-efcd4d203f95,A09,2021-03-12,720.0,1.7257715410622956,21.53125,0.46875,2.0,0,1.243,
TeamA-5a5b135d-d146-4b4c-b3da-efcd4d203f95,A09,2021-03-15,600.0,1.2781924393209225,21.706521739130434,0.2934782608695663,2.0,0,1.139,
TeamA-5a5b135d-d146-4b4c-b3da-efcd4d203f95,A09,2021-03-23,540.0,1.054402888450236,21.02173913043478,3.2282608695652186,3.0,0,0.996,
TeamA-5a5b135d-d146-4b4c-b3da-efcd4d203f95,A09,2021-03-24,830.0,2.136052384325221,20.92391304347826,1.0760869565217384,2.0,0,0.955,
TeamA-5a5b135d-d146-4b4c-b3da-efcd4d203f95,A09,2021-03-27,810.0,2.061455867368325,21.1,0.8999999999999986,2.0,0,1.099,
TeamA-5a5b135d-d146-4b4c-b3da-efcd4d203f95,A09,2021-04-07,630.0,1.3900872147562657,20.92391304347826,1.0760869565217384,2.0,0,0.741,
TeamA-5a5b135d-d146-4b4c-b3da-efcd4d203f95,A09,2021-04-10,700.0,1.6511750241054,20.72826086956522,3.5217391304347814,4.0,0,1.224,
TeamA-5a5b135d-d146-4b4c-b3da-efcd4d203f95,A09,2021-04-12,780.0,1.949561091932982,20.772727272727273,3.4772727272727266,2.0,0,1.255,
TeamA-5a5b135d-d146-4b4c-b3da-efcd4d203f95,A09,2021-04-14,600.0,1.2781924393209225,20.875,1.125,2.0,0,1.316,
TeamA-5a5b135d-d146-4b4c-b3da-efcd4d203f95,A09,2021-04-20,540.0,1.054402888450236,21.181818181818183,0.8181818181818166,4.0,0,0.999,
TeamA-5a5b135d-d146-4b4c-b3da-efcd4d203f95,A09,2021-05-10,540.0,1.054402888450236,21.01,0.9899999999999984,,1,0.708,
TeamA-5a5b135d-d146-4b4c-b3da-efcd4d203f95,A09,2021-05-11,540.0,1.054402888450236,21.01,0.9899999999999984,,1,0.87,
TeamA-5a5b135d-d146-4b4c-b3da-efcd4d203f95,A09,2021-05-12,840.0,2.173350642803668,20.92,1.0799999999999983,10.0,0,1.16,
TeamA-5a5b135d-d146-4b4c-b3da-efcd4d203f95,A09,2021-05-17,540.0,1.054402888450236,21.25,0.75,5.0,0,1.099,
TeamA-5a5b135d-d146-4b4c-b3da-efcd4d203f95,A09,2021-05-18,540.0,1.054402888450236,21.25,0.75,4.0,0,1.099,
TeamA-5a5b135d-d146-4b4c-b3da-efcd4d203f95,A09,2021-05-31,540.0,1.054402888450236,21.55,0.4499999999999993,6.0,0,1.043,
TeamA-5a5b135d-d146-4b4c-b3da-efcd4d203f95,A09,2021-06-01,540.0,1.054402888450236,21.4375,0.5625,5.0,0,1.095,
TeamA-5a5b135d-d146-4b4c-b3da-efcd4d203f95,A09,2021-06-02,1080.0,3.0685088462864143,21.4375,0.5625,4.0,0,1.155,
TeamA-5a5b135d-d146-4b4c-b3da-efcd4d203f95,A09,2021-06-07,720.0,1.7257715410622956,21.488636363636363,0.5113636363636367,2.0,0,1.141,
TeamA-5a5b135d-d146-4b4c-b3da-efcd4d203f95,A09,2021-08-04,700.0,1.6511750241054,22.102272727272727,2.1477272727272734,2.0,0,1.318,
TeamA-5a5b135d-d146-4b4c-b3da-efcd4d203f95,A09,2021-09-06,560.0,1.1289994054071315,21.583333333333332,2.666666666666668,7.0,0,1.107,
TeamA-5a5b135d-d146-4b4c-b3da-efcd4d203f95,A09,2021-09-08,880.0,2.3225436767174594,21.666666666666668,2.583333333333332,5.0,0,1.179,
TeamA-5a5b135d-d146-4b4c-b3da-efcd4d203f95,A09,2021-09-13,540.0,1.054402888450236,22.08653846153846,2.16346153846154,4.0,0,1.116,
TeamA-5a5b135d-d146-4b4c-b3da-efcd4d203f95,A09,2021-09-14,540.0,1.054402888450236,21.91346153846154,2.33653846153846,6.0,0,1.174,
TeamA-5a5b135d-d146-4b4c-b3da-efcd4d203f95,A09,2021-09-15,930.0,2.509034969109698,21.91346153846154,2.33653846153846,5.0,0,1.105,
TeamA-5a5b135d-d146-4b4c-b3da-efcd4d203f95,A09,2021-09-20,540.0,1.054402888450236,22.36,1.8900000000000006,2.0,0,1.174,
TeamA-5a5b135d-d146-4b4c-b3da-efcd4d203f95,A09,2021-10-04,540.0,1.054402888450236,22.346153846153847,1.9038461538461533,3.0,0,0.997,
TeamA-5a5b135d-d146-4b4c-b3da-efcd4d203f95,A09,2021-10-05,540.0,1.054402888450236,22.432692307692307,1.8173076923076934,2.0,0,1.013,
TeamA-5a5b135d-d146-4b4c-b3da-efcd4d203f95,A09,2021-10-19,660.0,1.501981990191609,22.160714285714285,2.0892857142857153,3.0,0,0.868,
TeamA-5a5b135d-d146-4b4c-b3da-efcd4d203f95,A09,2021-10-20,630.0,1.3900872147562657,22.080357142857142,2.1696428571428577,2.0,0,1.045,
TeamA-5a5b135d-d146-4b4c-b3da-efcd4d203f95,A09,2021-10-25,780.0,1.949561091932982,22.25,2.0,3.0,0,1.084,
TeamA-5a5b135d-d146-4b4c-b3da-efcd4d203f95,A09,2021-10-26,630.0,1.3900872147562657,22.333333333333332,1.9166666666666679,2.0,0,1.051,
TeamA-5a5b135d-d146-4b4c-b3da-efcd4d203f95,A09,2021-11-08,540.0,1.054402888450236,22.173076923076923,4.326923076923077,2.0,0,1.201,
TeamA-5a5b135d-d146-4b4c-b3da-efcd4d203f95,A09,2021-12-06,540.0,1.054402888450236,21.8875,2.3625000000000007,,1,1.083,
TeamA-5a5b135d-d146-4b4c-b3da-efcd4d203f95,A09,2021-12-29,640.0,1.4273854732347135,22.236842105263158,2.0131578947368425,2.0,0,0.846,
TeamA-5cd7a61b-88b2-46d2-94f8-5a0d4f682d93,A10,2020-05-03,1260.0,2.4811999900722994,22.160714285714285,4.339285714285715,9.0,0,1.719,
TeamA-5cd7a61b-88b2-46d2-94f8-5a0d4f682d93,A10,2020-05-04,960.0,1.6433465527151472,22.160714285714285,4.339285714285715,8.0,0,2.187,
TeamA-5cd7a61b-88b2-46d2-94f8-5a0d4f682d93,A10,2020-05-07,810.0,1.2244198340365713,22.5625,3.9375,5.0,0,2.253,
TeamA-5cd7a61b-88b2-46d2-94f8-5a0d4f682d93,A10,2020-05-08,1200.0,2.313629302600869,22.723214285714285,1.5267857142857153,4.0,0,2.512,
TeamA-5cd7a61b-88b2-46d2-94f8-5a0d4f682d93,A10,2020-05-20,820.0,1.2523482819484764,23.125,3.375,5.0,0,1.342,
TeamA-5cd7a61b-88b2-46d2-94f8-5a0d4f682d93,A10,2020-05-21,720.0,0.9730638028294256,23.044642857142858,3.4553571428571423,4.0,0,1.403,
TeamA-5cd7a61b-88b2-46d2-94f8-5a0d4f682d93,A10,2020-05-22,810.0,1.2244198340365713,23.125,3.375,3.0,0,1.382,
TeamA-5cd7a61b-88b2-46d2-94f8-5a0d4f682d93,A10,2020-05-25,1080.0,1.978487927658008,23.285714285714285,0.9642857142857153,2.0,0,1.308,
TeamA-5cd7a61b-88b2-46d2-94f8-5a0d4f682d93,A10,2020-06-01,720.0,0.9730638028294256,23.526785714285715,0.7232142857142847,2.0,0,1.101,
TeamA-5cd7a61b-88b2-46d2-94f8-5a0d4f682d93,A10,2020-06-04,880.0,1.4199189694199068,23.205357142857142,1.0446428571428577,2.0,0,1.106,
TeamA-5cd7a61b-88b2-46d2-94f8-5a0d4f682d93,A10,2020-06-10,840.0,1.3082051777722865,22.642857142857142,1.6071428571428577,2.0,0,0.984,
TeamA-5cd7a61b-88b2-46d2-94f8-5a0d4f682d93,A10,2020-06-22,1160.0,2.2019155109532487,22.160714285714285,2.0892857142857153,4.0,0,0.879,
TeamA-5cd7a61b-88b2-46d2-94f8-5a0d4f682d93,A10,2020-06-24,1080.0,1.978487927658008,22.160714285714285,2.0892857142857153,2.0,0,0.962,
TeamA-5cd7a61b-88b2-46d2-94f8-5a0d4f682d93,A10,2020-07-11,810.0,1.2244198340365713,22.5625,1.6875,2.0,0,1.146,
TeamA-5cd7a61b-88b2-46d2-94f8-5a0d4f682d93,A10,2020-08-03,1070.0,1.950559479746103,22.160714285714285,2.0892857142857153,5.0,0,1.101,
TeamA-5cd7a61b-88b2-46d2-94f8-5a0d4f682d93,A10,2020-08-05,1080.0,1.978487927658008,22.241071428571427,2.008928571428573,3.0,0,1.115,
TeamA-5cd7a61b-88b2-46d2-94f8-5a0d4f682d93,A10,2020-08-10,1120.0,2.0902017193056284,22.5625,1.6875,2.0,0,1.003,
TeamA-5cd7a61b-88b2-46d2-94f8-5a0d4f682d93,A10,2020-08-12,880.0,1.4199189694199068,22.642857142857142,1.6071428571428577,4.0,0,1.11,
TeamA-5cd7a61b-88b2-46d2-94f8-5a0d4f682d93,A10,2020-08-13,800.0,1.1964913861246662,22.642857142857142,1.6071428571428577,3.0,0,1.149,
TeamA-5cd7a61b-88b2-46d2-94f8-5a0d4f682d93,A10,2020-08-17,1230.0,2.397414646336584,22.883928571428573,3.616071428571427,,1,1.206,
TeamA-5cd7a61b-88b2-46d2-94f8-5a0d4f682d93,A10,2020-08-19,1280.0,2.5370568858961096,23.044642857142858,3.4553571428571423,9.0,0,1.195,
TeamA-5cd7a61b-88b2-46d2-94f8-5a0d4f682d93,A10,2020-08-20,880.0,1.4199189694199068,23.044642857142858,3.4553571428571423,8.0,0,1.149,
TeamA-5cd7a61b-88b2-46d2-94f8-5a0d4f682d93,A10,2020-08-23,720.0,0.9730638028294256,23.205357142857142,3.2946428571428577,5.0,0,1.166,
TeamA-5cd7a61b-88b2-46d2-94f8-5a0d4f682d93,A10,2020-08-30,1000.0,1.7550603443627675,23.767857142857142,2.7321428571428577,,1,0.795,
TeamA-5cd7a61b-88b2-46d2-94f8-5a0d4f682d93,A10,2020-09-02,1200.0,2.313629302600869,23.848214285714285,2.6517857142857153,,1,1.119,
TeamA-5cd7a61b-88b2-46d2-94f8-5a0d4f682d93,A10,2020-09-04,740.0,1.0289206986532358,23.848214285714285,2.6517857142857153,10.0,0,1.204,
TeamA-5cd7a61b-88b2-46d2-94f8-5a0d4f682d93,A10,2020-09-07,810.0,1.2244198340365713,24.008928571428573,2.491071428571427,7.0,0,1.088,
TeamA-5cd7a61b-88b2-46d2-94f8-5a0d4f682d93,A10,2020-09-08,1080.0,1.978487927658008,24.089285714285715,2.4107142857142847,6.0,0,1.213,
TeamA-5cd7a61b-88b2-46d2-94f8-5a0d4f682d93,A10,2020-09-09,1260.0,2.4811999900722994,24.089285714285715,0.1607142857142847,5.0,0,1.2,
TeamA-5cd7a61b-88b2-46d2-94f8-5a0d4f682d93,A10,2020-09-21,880.0,1.4199189694199068,24.25,2.25,2.0,0,0.816,
TeamA-5cd7a61b-88b2-46d2-94f8-5a0d4f682d93,A10,2020-10-04,900.0,1.4757758652437167,24.0,0.25,3.0,0,1.12,
TeamA-5cd7a61b-88b2-46d2-94f8-5a0d4f682d93,A10,2020-10-07,720.0,0.9730638028294256,24.0,2.5,4.0,0,0.945,
TeamA-5cd7a61b-88b2-46d2-94f8-5a0d4f682d93,A10,2020-10-12,770.0,1.112706042388951,23.833333333333332,0.41666666666666785,2.0,0,0.761,
TeamA-5cd7a61b-88b2-46d2-94f8-5a0d4f682d93,A10,2020-10-14,1110.0,2.0622732713937233,23.833333333333332,0.41666666666666785,2.0,0,0.915,
TeamA-5cd7a61b-88b2-46d2-94f8-5a0d4f682d93,A10,2020-10-19,760.0,1.084777594477046,23.5,0.75,2.0,0,0.98,
TeamA-5cd7a61b-88b2-46d2-94f8-5a0d4f682d93,A10,2020-10-21,1050.0,1.8947025839222928,23.416666666666668,0.8333333333333321,5.0,0,1.003,
TeamA-5cd7a61b-88b2-46d2-94f8-5a0d4f682d93,A10,2020-10-22,810.0,1.2244198340365713,23.333333333333332,0.9166666666666679,4.0,0,0.954,
TeamA-5cd7a61b-88b2-46d2-94f8-5a0d4f682d93,A10,2020-10-23,990.0,1.7271318964508624,23.333333333333332,0.9166666666666679,3.0,0,1.111,
TeamA-5cd7a61b-88b2-46d2-94f8-5a0d4f682d93,A10,2020-10-28,1170.0,2.2298439588651537,23.416666666666668,0.8333333333333321,4.0,0,1.149,
TeamA-5cd7a61b-88b2-46d2-94f8-5a0d4f682d93,A10,2020-10-29,720.0,0.9730638028294256,23.416666666666668,0.8333333333333321,3.0,0,1.119,
TeamA-5cd7a61b-88b2-46d2-94f8-5a0d4f682d93,A10,2020-11-02,920.0,1.5316327610675269,23.366071428571427,3.133928571428573,3.0,0,1.137,
TeamA-5cd7a61b-88b2-46d2-94f8-5a0d4f682d93,A10,2020-11-03,880.0,1.4199189694199068,23.366071428571427,0.883928571428573,2.0,0,1.145,
TeamA-5cd7a61b-88b2-46d2-94f8-5a0d4f682d93,A10,2020-11-09,990.0,1.7271318964508624,23.366071428571427,3.133928571428573,3.0,0,0.888,
TeamA-5cd7a61b-88b2-46d2-94f8-5a0d4f682d93,A10,2020-11-10,900.0,1.4757758652437167,23.446428571428573,3.053571428571427,2.0,0,0.878,
TeamA-5cd7a61b-88b2-46d2-94f8-5a0d4f682d93,A10,2020-11-13,880.0,1.4199189694199068,23.526785714285715,0.7232142857142847,2.0,0,0.921,
TeamA-5cd7a61b-88b2-46d2-94f8-5a0d4f682d93,A10,2020-11-18,1260.0,2.4811999900722994,23.446428571428573,5.303571428571427,,1,1.004,
TeamA-5cd7a61b-88b2-46d2-94f8-5a0d4f682d93,A10,2020-11-25,750.0,1.0568491465651408,24.169642857142858,4.580357142857142,10.0,0,0.758,
TeamA-5cd7a61b-88b2-46d2-94f8-5a0d4f682d93,A10,2020-11-27,990.0,1.7271318964508624,24.491071428571427,4.258928571428573,6.0,0,0.799,
TeamA-5cd7a61b-88b2-46d2-94f8-5a0d4f682d93,A10,2020-11-28,1080.0,1.978487927658008,24.651785714285715,4.098214285714285,5.0,0,1.055,
TeamA-5cd7a61b-88b2-46d2-94f8-5a0d4f682d93,A10,2020-11-30,720.0,0.9730638028294256,25.053571428571427,3.696428571428573,3.0,0,1.174,
TeamA-5cd7a61b-88b2-46d2-94f8-5a0d4f682d93,A10,2020-12-27,1010.0,1.7829887922746726,23.557692307692307,0.6923076923076934,4.0,0,0.857,
TeamA-5cd7a61b-88b2-46d2-94f8-5a0d4f682d93,A10,2021-01-04,840.0,1.3082051777722865,23.083333333333332,3.416666666666668,,1,1.376,
TeamA-5cd7a61b-88b2-46d2-94f8-5a0d4f682d93,A10,2021-01-06,840.0,1.3082051777722865,23.166666666666668,3.333333333333332,,1,1.463,
TeamA-5cd7a61b-88b2-46d2-94f8-5a0d4f682d93,A10,2021-01-13,990.0,1.7271318964508624,23.75,0.5,,1,1.175,
TeamA-5cd7a61b-88b2-46d2-94f8-5a0d4f682d93,A10,2021-01-15,900.0,1.4757758652437167,23.75,0.5,10.0,0,1.167,
TeamA-5cd7a61b-88b2-46d2-94f8-5a0d4f682d93,A10,2021-01-18,880.0,1.4199189694199068,23.767857142857142,0.48214285714285765,7.0,0,1.224,
TeamA-5cd7a61b-88b2-46d2-94f8-5a0d4f682d93,A10,2021-01-19,810.0,1.2244198340365713,23.848214285714285,0.4017857142857153,6.0,0,1.341,
TeamA-5cd7a61b-88b2-46d2-94f8-5a0d4f682d93,A10,2021-01-29,800.0,1.1964913861246662,24.008928571428573,0.24107142857142705,3.0,0,0.813,
TeamA-5cd7a61b-88b2-46d2-94f8-5a0d4f682d93,A10,2021-02-02,720.0,0.9730638028294256,23.928571428571427,2.571428571428573,,1,0.911,
TeamA-5cd7a61b-88b2-46d2-94f8-5a0d4f682d93,A10,2021-02-06,1200.0,2.313629302600869,23.848214285714285,2.6517857142857153,9.0,0,1.223,
TeamA-5cd7a61b-88b2-46d2-94f8-5a0d4f682d93,A10,2021-02-09,720.0,0.9730638028294256,23.848214285714285,2.6517857142857153,6.0,0,1.297,
TeamA-5cd7a61b-88b2-46d2-94f8-5a0d4f682d93,A10,2021-02-10,1080.0,1.978487927658008,23.848214285714285,2.6517857142857153,5.0,0,1.509,
TeamA-5cd7a61b-88b2-46d2-94f8-5a0d4f682d93,A10,2021-02-20,900.0,1.4757758652437167,24.008928571428573,0.24107142857142705,,1,1.024,
TeamA-5cd7a61b-88b2-46d2-94f8-5a0d4f682d93,A10,2021-03-16,720.0,0.9730638028294256,23.928571428571427,2.571428571428573,,1,1.167,
TeamA-5cd7a61b-88b2-46d2-94f8-5a0d4f682d93,A10,2021-03-22,770.0,1.112706042388951,23.767857142857142,2.7321428571428577,,1,0.94,
TeamA-5cd7a61b-88b2-46d2-94f8-5a0d4f682d93,A10,2021-03-23,720.0,0.9730638028294256,23.767857142857142,0.48214285714285765,,1,0.913,
TeamA-5cd7a61b-88b2-46d2-94f8-5a0d4f682d93,A10,2021-03-24,720.0,0.9730638028294256,23.848214285714285,0.4017857142857153,,1,0.942,
TeamA-5cd7a61b-88b2-46d2-94f8-5a0d4f682d93,A10,2021-03-27,810.0,1.2244198340365713,23.848214285714285,0.4017857142857153,,1,1.039,
TeamA-5cd7a61b-88b2-46d2-94f8-5a0d4f682d93,A10,2021-04-10,1100.0,2.034344823481818,23.84090909090909,0.40909090909091006,5.0,0,1.349,
TeamA-5cd7a61b-88b2-46d2-94f8-5a0d4f682d93,A10,2021-04-17,1080.0,1.978487927658008,24.147727272727273,0.10227272727272663,4.0,0,1.201,
TeamA-5cd7a61b-88b2-46d2-94f8-5a0d4f682d93,A10,2021-05-24,800.0,1.1964913861246662,22.241071428571427,4.258928571428573,3.0,0,0.992,
TeamA-5cd7a61b-88b2-46d2-94f8-5a0d4f682d93,A10,2021-05-25,720.0,0.9730638028294256,22.321428571428573,1.928571428571427,2.0,0,0.983,
TeamA-5cd7a61b-88b2-46d2-94f8-5a0d4f682d93,A10,2021-05-31,720.0,0.9730638028294256,22.5625,3.9375,4.0,0,1.078,
TeamA-5cd7a61b-88b2-46d2-94f8-5a0d4f682d93,A10,2021-06-01,720.0,0.9730638028294256,22.642857142857142,3.8571428571428577,3.0,0,1.048,
TeamA-5cd7a61b-88b2-46d2-94f8-5a0d4f682d93,A10,2021-06-10,720.0,0.9730638028294256,22.803571428571427,1.446428571428573,3.0,0,1.113,
TeamA-5cd7a61b-88b2-46d2-94f8-5a0d4f682d93,A10,2021-08-11,810.0,1.2244198340365713,22.964285714285715,3.5357142857142847,2.0,0,1.284,
TeamA-5cd7a61b-88b2-46d2-94f8-5a0d4f682d93,A10,2021-08-22,720.0,0.9730638028294256,22.964285714285715,3.5357142857142847,5.0,0,0.93,
TeamA-5cd7a61b-88b2-46d2-94f8-5a0d4f682d93,A10,2021-08-25,720.0,0.9730638028294256,23.125,1.125,2.0,0,0.976,
TeamA-5cd7a61b-88b2-46d2-94f8-5a0d4f682d93,A10,2021-09-15,800.0,1.1964913861246662,23.044642857142858,3.4553571428571423,9.0,0,1.207,
TeamA-5cd7a61b-88b2-46d2-94f8-5a0d4f682d93,A10,2021-09-21,770.0,1.112706042388951,23.446428571428573,0.803571428571427,3.0,0,0.822,
TeamA-5cd7a61b-88b2-46d2-94f8-5a0d4f682d93,A10,2021-09-26,960.0,1.6433465527151472,23.526785714285715,0.7232142857142847,4.0,0,1.133,
TeamA-5cd7a61b-88b2-46d2-94f8-5a0d4f682d93,A10,2021-10-03,960.0,1.6433465527151472,23.6875,0.5625,3.0,0,1.076,
TeamA-5cd7a61b-88b2-46d2-94f8-5a0d4f682d93,A10,2021-10-16,960.0,1.6433465527151472,23.044642857142858,3.4553571428571423,7.0,0,0.982,
TeamA-5cd7a61b-88b2-46d2-94f8-5a0d4f682d93,A10,2021-10-20,880.0,1.4199189694199068,22.883928571428573,3.616071428571427,3.0,0,1.064,
TeamA-5cd7a61b-88b2-46d2-94f8-5a0d4f682d93,A10,2021-10-26,770.0,1.112706042388951,23.044642857142858,1.2053571428571423,3.0,0,0.985,
TeamA-5cd7a61b-88b2-46d2-94f8-5a0d4f682d93,A10,2021-10-29,1080.0,1.978487927658008,23.044642857142858,1.2053571428571423,3.0,0,1.096,
TeamA-5cd7a61b-88b2-46d2-94f8-5a0d4f682d93,A10,2021-11-01,770.0,1.112706042388951,23.285714285714285,5.464285714285715,3.0,0,1.039,
TeamA-5cd7a61b-88b2-46d2-94f8-5a0d4f682d93,A10,2021-11-02,770.0,1.112706042388951,23.205357142857142,5.544642857142858,2.0,0,1.019,
TeamA-5cd7a61b-88b2-46d2-94f8-5a0d4f682d93,A10,2021-11-07,960.0,1.6433465527151472,23.6875,0.5625,2.0,0,1.313,
TeamA-5cd7a61b-88b2-46d2-94f8-5a0d4f682d93,A10,2021-11-27,990.0,1.7271318964508624,22.916666666666668,1.3333333333333321,2.0,0,0.924,
TeamA-67961019-dbb5-464b-839e-08e5896c2c42,A11,2020-06-28,630.0,1.494013479109501,12.839285714285714,4.6607142857142865,,1,1.796,
TeamA-67961019-dbb5-464b-839e-08e5896c2c42,A11,2020-07-04,700.0,1.72350636373376,13.0,4.5,3.0,0,1.567,
TeamA-67961019-dbb5-464b-839e-08e5896c2c42,A11,2020-07-07,720.0,1.7890757593406912,13.409090909090908,4.090909090909092,3.0,0,1.097,
TeamA-67961019-dbb5-464b-839e-08e5896c2c42,A11,2020-07-08,990.0,2.6742626000342615,13.391304347826088,4.108695652173912,2.0,0,1.312,
TeamA-67961019-dbb5-464b-839e-08e5896c2c42,A11,2020-07-13,810.0,2.084138039571881,13.75,3.75,6.0,0,1.101,
TeamA-67961019-dbb5-464b-839e-08e5896c2c42,A11,2020-07-14,630.0,1.494013479109501,13.916666666666666,3.583333333333334,5.0,0,1.088,
TeamA-67961019-dbb5-464b-839e-08e5896c2c42,A11,2020-07-15,990.0,2.6742626000342615,14.0,3.5,4.0,0,1.095,
TeamA-67961019-dbb5-464b-839e-08e5896c2c42,A11,2020-07-20,420.0,0.8055348252367239,14.583333333333334,5.166666666666666,4.0,0,0.863,
TeamA-67961019-dbb5-464b-839e-08e5896c2c42,A11,2020-07-22,640.0,1.5267981769129666,15.0,2.5,2.0,0,0.737,
TeamA-67961019-dbb5-464b-839e-08e5896c2c42,A11,2020-07-24,560.0,1.264520594485242,15.076923076923077,2.4230769230769234,5.0,0,0.769,
TeamA-67961019-dbb5-464b-839e-08e5896c2c42,A11,2020-07-25,490.0,1.035027709860983,14.990384615384615,2.509615384615385,4.0,0,0.815,
TeamA-67961019-dbb5-464b-839e-08e5896c2c42,A11,2020-07-29,560.0,1.264520594485242,15.423076923076923,2.0769230769230766,3.0,0,0.74,
TeamA-67961019-dbb5-464b-839e-08e5896c2c42,A11,2020-08-07,480.0,1.0022430120575174,15.34,4.41,3.0,0,1.073,
TeamA-67961019-dbb5-464b-839e-08e5896c2c42,A11,2020-08-12,990.0,2.6742626000342615,15.53125,4.21875,4.0,0,1.151,
TeamA-67961019-dbb5-464b-839e-08e5896c2c42,A11,2020-08-13,560.0,1.264520594485242,15.34375,4.40625,3.0,0,1.162,
TeamA-67961019-dbb5-464b-839e-08e5896c2c42,A11,2020-08-17,920.0,2.4447697154100028,15.71875,6.28125,9.0,0,1.316,
TeamA-67961019-dbb5-464b-839e-08e5896c2c42,A11,2020-08-18,560.0,1.264520594485242,15.53125,6.46875,8.0,0,1.278,
TeamA-67961019-dbb5-464b-839e-08e5896c2c42,A11,2020-08-22,630.0,1.494013479109501,15.97,3.7799999999999994,4.0,0,1.235,
TeamA-67961019-dbb5-464b-839e-08e5896c2c42,A11,2020-08-23,600.0,1.3956593856991042,16.06,3.6900000000000013,3.0,0,1.082,
TeamA-67961019-dbb5-464b-839e-08e5896c2c42,A11,2020-08-24,940.0,2.510339111016934,16.15,3.6000000000000014,2.0,0,1.052,
TeamA-67961019-dbb5-464b-839e-08e5896c2c42,A11,2020-08-26,420.0,0.8055348252367239,16.42,3.3299999999999983,3.0,0,1.002,
TeamA-67961019-dbb5-464b-839e-08e5896c2c42,A11,2020-08-27,420.0,0.8055348252367239,16.42,1.0799999999999983,2.0,0,1.029,
TeamA-67961019-dbb5-464b-839e-08e5896c2c42,A11,2020-08-31,640.0,1.5267981769129666,16.42,5.579999999999998,6.0,0,0.649,
TeamA-67961019-dbb5-464b-839e-08e5896c2c42,A11,2020-09-02,930.0,2.4775544132134684,17.14,0.35999999999999943,4.0,0,0.788,
TeamA-67961019-dbb5-464b-839e-08e5896c2c42,A11,2020-09-03,490.0,1.035027709860983,17.41,0.08999999999999986,3.0,0,0.809,
TeamA-67961019-dbb5-464b-839e-08e5896c2c42,A11,2020-09-07,810.0,2.084138039571881,17.333333333333332,2.416666666666668,3.0,0,0.993,
TeamA-67961019-dbb5-464b-839e-08e5896c2c42,A11,2020-09-08,630.0,1.494013479109501,17.5,2.25,2.0,0,1.127,
TeamA-67961019-dbb5-464b-839e-08e5896c2c42,A11,2020-09-14,1000.0,2.707047297837727,17.666666666666668,2.083333333333332,2.0,0,0.965,
TeamA-67961019-dbb5-464b-839e-08e5896c2c42,A11,2020-09-16,800.0,2.0513533417684156,17.833333333333332,4.166666666666668,2.0,0,0.885,
TeamA-67961019-dbb5-464b-839e-08e5896c2c42,A11,2020-09-21,880.0,2.3136309241961404,17.416666666666668,2.333333333333332,6.0,0,0.991,
TeamA-67961019-dbb5-464b-839e-08e5896c2c42,A11,2020-09-22,630.0,1.494013479109501,17.333333333333332,2.416666666666668,5.0,0,0.963,
TeamA-67961019-dbb5-464b-839e-08e5896c2c42,A11,2020-09-29,780.0,1.9857839461614846,17.333333333333332,4.666666666666668,10.0,0,1.005,
TeamA-67961019-dbb5-464b-839e-08e5896c2c42,A11,2020-09-30,1170.0,3.264387160496642,17.166666666666668,4.833333333333332,9.0,0,1.051,
TeamA-67961019-dbb5-464b-839e-08e5896c2c42,A11,2020-10-01,720.0,1.7890757593406912,17.166666666666668,4.833333333333332,8.0,0,1.15,
TeamA-67961019-dbb5-464b-839e-08e5896c2c42,A11,2020-10-05,610.0,1.4284440835025698,17.666666666666668,2.083333333333332,2.0,0,1.223,
TeamA-67961019-dbb5-464b-839e-08e5896c2c42,A11,2020-11-04,560.0,1.264520594485242,15.596153846153847,6.403846153846153,5.0,0,0.804,
TeamA-67961019-dbb5-464b-839e-08e5896c2c42,A11,2020-11-06,740.0,1.8546451549476224,15.596153846153847,6.403846153846153,3.0,0,0.93,
TeamA-67961019-dbb5-464b-839e-08e5896c2c42,A11,2020-11-07,560.0,1.264520594485242,15.682692307692308,1.8173076923076916,2.0,0,1.137,
TeamA-67961019-dbb5-464b-839e-08e5896c2c42,A11,2020-11-09,710.0,1.7562910615372256,16.028846153846153,10.471153846153847,,1,1.137,
TeamA-67961019-dbb5-464b-839e-08e5896c2c42,A11,2020-11-10,640.0,1.5267981769129666,15.942307692307692,10.557692307692308,,1,1.226,
TeamA-67961019-dbb5-464b-839e-08e5896c2c42,A11,2020-11-12,420.0,0.8055348252367239,16.25,10.25,,1,1.322,
TeamA-67961019-dbb5-464b-839e-08e5896c2c42,A11,2020-11-13,560.0,1.264520594485242,16.28846153846154,10.21153846153846,,1,1.246,
TeamA-67961019-dbb5-464b-839e-08e5896c2c42,A11,2020-11-16,490.0,1.035027709860983,16.78,9.719999999999999,9.0,0,1.092,
TeamA-67961019-dbb5-464b-839e-08e5896c2c42,A11,2020-12-01,480.0,1.0022430120575174,18.34375,3.65625,2.0,0,0.933,
TeamA-67961019-dbb5-464b-839e-08e5896c2c42,A11,2021-01-26,720.0,1.7890757593406912,18.303571428571427,3.696428571428573,3.0,0,1.81,
TeamA-67961019-dbb5-464b-839e-08e5896c2c42,A11,2021-01-27,790.0,2.01856864396495,18.4,3.6000000000000014,2.0,0,1.935,
TeamA-67961019-dbb5-464b-839e-08e5896c2c42,A11,2021-01-29,810.0,2.084138039571881,18.823529411764707,0.9264705882352935,3.0,0,1.678,
TeamA-67961019-dbb5-464b-839e-08e5896c2c42,A11,2021-01-30,840.0,2.182492132982278,18.75,1.0,2.0,0,1.625,
TeamA-67961019-dbb5-464b-839e-08e5896c2c42,A11,2021-02-02,630.0,1.494013479109501,18.785714285714285,0.9642857142857153,2.0,0,1.44,
TeamA-67961019-dbb5-464b-839e-08e5896c2c42,A11,2021-02-04,550.0,1.2317358966817764,18.67391304347826,1.0760869565217384,2.0,0,1.378,
TeamA-67961019-dbb5-464b-839e-08e5896c2c42,A11,2021-02-06,960.0,2.5759085066238647,18.67,7.829999999999998,10.0,0,1.187,
TeamA-67961019-dbb5-464b-839e-08e5896c2c42,A11,2021-02-08,860.0,2.248061528589209,18.916666666666668,3.083333333333332,8.0,0,1.178,
TeamA-67961019-dbb5-464b-839e-08e5896c2c42,A11,2021-02-09,630.0,1.494013479109501,19.083333333333332,2.916666666666668,7.0,0,1.158,
TeamA-67961019-dbb5-464b-839e-08e5896c2c42,A11,2021-02-10,1050.0,2.870970786855055,19.25,2.75,6.0,0,1.155,
TeamA-67961019-dbb5-464b-839e-08e5896c2c42,A11,2021-02-12,540.0,1.1989511988783108,19.25,2.75,4.0,0,1.113,
TeamA-67961019-dbb5-464b-839e-08e5896c2c42,A11,2021-02-13,900.0,2.3792003198030716,19.25,2.75,3.0,0,1.04,
TeamA-67961019-dbb5-464b-839e-08e5896c2c42,A11,2021-02-17,790.0,2.01856864396495,19.5,0.25,2.0,0,0.848,
TeamA-67961019-dbb5-464b-839e-08e5896c2c42,A11,2021-02-20,1080.0,2.969324880265452,19.666666666666668,0.08333333333333215,2.0,0,0.828,
TeamA-67961019-dbb5-464b-839e-08e5896c2c42,A11,2021-02-22,600.0,1.3956593856991042,19.589285714285715,2.4107142857142847,3.0,0,0.944,
TeamA-67961019-dbb5-464b-839e-08e5896c2c42,A11,2021-03-01,690.0,1.6907216659302944,19.1875,5.0625,4.0,0,0.753,
TeamA-67961019-dbb5-464b-839e-08e5896c2c42,A11,2021-03-02,540.0,1.1989511988783108,19.1875,2.8125,3.0,0,0.809,
TeamA-67961019-dbb5-464b-839e-08e5896c2c42,A11,2021-03-03,960.0,2.5759085066238647,19.508928571428573,2.491071428571427,2.0,0,1.071,
TeamA-67961019-dbb5-464b-839e-08e5896c2c42,A11,2021-03-06,600.0,1.3956593856991042,19.669642857142858,2.3303571428571423,2.0,0,1.023,
TeamA-67961019-dbb5-464b-839e-08e5896c2c42,A11,2021-03-09,720.0,1.7890757593406912,19.348214285714285,0.4017857142857153,3.0,0,1.014,
TeamA-67961019-dbb5-464b-839e-08e5896c2c42,A11,2021-03-10,630.0,1.494013479109501,19.267857142857142,0.48214285714285765,2.0,0,0.946,
TeamA-67961019-dbb5-464b-839e-08e5896c2c42,A11,2021-03-16,720.0,1.7890757593406912,18.785714285714285,0.9642857142857153,3.0,0,0.949,
TeamA-67961019-dbb5-464b-839e-08e5896c2c42,A11,2021-03-17,1050.0,2.870970786855055,18.866071428571427,0.883928571428573,2.0,0,1.061,
TeamA-67961019-dbb5-464b-839e-08e5896c2c42,A11,2021-03-19,810.0,2.084138039571881,18.946428571428573,0.803571428571427,3.0,0,1.017,
TeamA-67961019-dbb5-464b-839e-08e5896c2c42,A11,2021-03-23,630.0,1.494013479109501,19.026785714285715,5.223214285714285,8.0,0,1.073,
TeamA-67961019-dbb5-464b-839e-08e5896c2c42,A11,2021-03-24,920.0,2.4447697154100028,18.946428571428573,5.303571428571427,7.0,0,0.964,
TeamA-67961019-dbb5-464b-839e-08e5896c2c42,A11,2021-03-27,630.0,1.494013479109501,19.1875,5.0625,4.0,0,1.002,
TeamA-67961019-dbb5-464b-839e-08e5896c2c42,A11,2021-04-01,630.0,1.494013479109501,19.333333333333332,0.41666666666666785,,1,0.878,
TeamA-705923a2-378f-4f8e-8a29-464837b88cdc,A12,2020-07-22,630.0,1.0397819574210634,17.932692307692307,6.317307692307693,2.0,0,0.866,
TeamA-705923a2-378f-4f8e-8a29-464837b88cdc,A12,2020-07-25,640.0,1.0672782715286058,17.833333333333332,4.166666666666668,2.0,0,1.048,
TeamA-705923a2-378f-4f8e-8a29-464837b88cdc,A12,2020-07-30,670.0,1.1497672138512334,17.326923076923077,2.4230769230769234,2.0,0,1.278,
TeamA-705923a2-378f-4f8e-8a29-464837b88cdc,A12,2020-08-02,1200.0,2.607071861550986,16.89423076923077,9.60576923076923,5.0,0,1.234,
TeamA-705923a2-378f-4f8e-8a29-464837b88cdc,A12,2020-08-05,540.0,0.7923151304531808,17.333333333333332,6.916666666666668,2.0,0,1.272,
TeamA-705923a2-378f-4f8e-8a29-464837b88cdc,A12,2020-08-08,900.0,1.782182438324711,17.333333333333332,0.16666666666666785,2.0,0,1.412,
TeamA-705923a2-378f-4f8e-8a29-464837b88cdc,A12,2020-08-13,800.0,1.5072192972492857,17.75,4.25,2.0,0,1.3,
TeamA-705923a2-378f-4f8e-8a29-464837b88cdc,A12,2020-08-16,720.0,1.2872487843889457,18.0,1.75,2.0,0,1.111,
TeamA-705923a2-378f-4f8e-8a29-464837b88cdc,A12,2020-09-02,930.0,1.8646713806473383,18.71875,7.78125,10.0,0,0.645,
TeamA-705923a2-378f-4f8e-8a29-464837b88cdc,A12,2020-09-05,1200.0,2.607071861550986,18.90625,7.59375,7.0,0,1.207,
TeamA-705923a2-378f-4f8e-8a29-464837b88cdc,A12,2020-09-08,1080.0,2.2771160922604756,19.75,2.25,4.0,0,1.5,
TeamA-705923a2-378f-4f8e-8a29-464837b88cdc,A12,2020-09-09,920.0,1.837175066539796,19.847826086956523,2.1521739130434767,3.0,0,1.46,
TeamA-705923a2-378f-4f8e-8a29-464837b88cdc,A12,2020-09-16,820.0,1.5622119254643707,20.532608695652176,1.4673913043478244,2.0,0,1.051,
TeamA-705923a2-378f-4f8e-8a29-464837b88cdc,A12,2020-09-22,1240.0,2.717057117981156,20.043478260869566,6.456521739130434,2.0,0,1.376,
TeamA-705923a2-378f-4f8e-8a29-464837b88cdc,A12,2020-09-26,1200.0,2.607071861550986,19.46875,2.53125,4.0,0,0.948,
TeamA-705923a2-378f-4f8e-8a29-464837b88cdc,A12,2020-10-13,720.0,1.2872487843889457,16.69,3.0599999999999987,4.0,0,0.971,
TeamA-705923a2-378f-4f8e-8a29-464837b88cdc,A12,2020-10-15,540.0,0.7923151304531808,16.51,3.2399999999999984,2.0,0,1.163,
TeamA-705923a2-378f-4f8e-8a29-464837b88cdc,A12,2020-10-18,1200.0,2.607071861550986,16.1875,8.0625,3.0,0,1.39,
TeamA-705923a2-378f-4f8e-8a29-464837b88cdc,A12,2020-10-22,990.0,2.0296492652925933,16.24,1.2600000000000016,2.0,0,1.108,
TeamA-705923a2-378f-4f8e-8a29-464837b88cdc,A12,2020-11-01,1200.0,2.607071861550986,15.53125,4.21875,5.0,0,0.852,
TeamA-705923a2-378f-4f8e-8a29-464837b88cdc,A12,2020-11-04,810.0,1.5347156113568283,15.15625,2.34375,3.0,0,1.166,
TeamA-705923a2-378f-4f8e-8a29-464837b88cdc,A12,2020-11-07,1200.0,2.607071861550986,15.4375,2.0625,2.0,0,1.257,
TeamA-705923a2-378f-4f8e-8a29-464837b88cdc,A12,2020-11-10,1200.0,2.607071861550986,15.4375,11.0625,3.0,0,1.146,
TeamA-705923a2-378f-4f8e-8a29-464837b88cdc,A12,2020-11-13,550.0,0.8198114445607233,15.8125,8.4375,,1,1.217,
TeamA-705923a2-378f-4f8e-8a29-464837b88cdc,A12,2020-11-23,810.0,1.5347156113568283,16.642857142857142,12.107142857142858,6.0,0,1.054,
TeamA-705923a2-378f-4f8e-8a29-464837b88cdc,A12,2020-11-24,1050.0,2.1946271499378485,16.964285714285715,11.785714285714285,5.0,0,1.22,
TeamA-705923a2-378f-4f8e-8a29-464837b88cdc,A12,2020-11-25,790.0,1.4797229831417433,17.607142857142858,11.142857142857142,4.0,0,1.32,
TeamA-705923a2-378f-4f8e-8a29-464837b88cdc,A12,2020-12-02,1060.0,2.222123464045391,19.545454545454547,6.954545454545453,4.0,0,1.076,
TeamA-705923a2-378f-4f8e-8a29-464837b88cdc,A12,2021-01-01,660.0,1.1222708997436908,19.046875,2.953125,4.0,0,1.422,
TeamA-705923a2-378f-4f8e-8a29-464837b88cdc,A12,2021-01-06,840.0,1.6172045536794557,18.625,3.375,3.0,0,1.551,
TeamA-705923a2-378f-4f8e-8a29-464837b88cdc,A12,2021-01-09,1140.0,2.442093976905731,18.7,3.3000000000000007,2.0,0,1.536,
TeamA-705923a2-378f-4f8e-8a29-464837b88cdc,A12,2021-01-11,700.0,1.2322561561738608,18.85,0.8999999999999986,2.0,0,1.416,
TeamA-705923a2-378f-4f8e-8a29-464837b88cdc,A12,2021-01-15,850.0,1.6447008677869983,18.34375,1.40625,3.0,0,1.241,
TeamA-705923a2-378f-4f8e-8a29-464837b88cdc,A12,2021-01-18,1020.0,2.112138207615221,18.375,5.875,3.0,0,1.102,
TeamA-705923a2-378f-4f8e-8a29-464837b88cdc,A12,2021-01-19,900.0,1.782182438324711,18.32894736842105,5.921052631578949,2.0,0,1.347,
TeamA-705923a2-378f-4f8e-8a29-464837b88cdc,A12,2021-01-21,680.0,1.1772635279587758,18.678571428571427,1.071428571428573,3.0,0,1.409,
TeamA-705923a2-378f-4f8e-8a29-464837b88cdc,A12,2021-01-22,940.0,1.892167694754881,18.420454545454547,1.3295454545454533,2.0,0,1.343,
TeamA-705923a2-378f-4f8e-8a29-464837b88cdc,A12,2021-01-25,660.0,1.1222708997436908,18.8125,3.1875,3.0,0,1.172,
TeamA-705923a2-378f-4f8e-8a29-464837b88cdc,A12,2021-01-26,900.0,1.782182438324711,18.8125,3.1875,2.0,0,1.106,
TeamA-705923a2-378f-4f8e-8a29-464837b88cdc,A12,2021-01-28,940.0,1.892167694754881,18.4375,1.3125,3.0,0,1.098,
TeamA-705923a2-378f-4f8e-8a29-464837b88cdc,A12,2021-01-29,990.0,2.0296492652925933,18.22,1.5300000000000011,2.0,0,1.088,
TeamA-705923a2-378f-4f8e-8a29-464837b88cdc,A12,2021-02-02,600.0,0.9572930150984358,18.0,1.75,2.0,0,1.135,
TeamA-705923a2-378f-4f8e-8a29-464837b88cdc,A12,2021-02-05,630.0,1.0397819574210634,18.083333333333332,8.416666666666668,3.0,0,0.976,
TeamA-705923a2-378f-4f8e-8a29-464837b88cdc,A12,2021-02-06,1000.0,2.0571455794001356,17.982142857142858,6.267857142857142,2.0,0,1.215,
TeamA-705923a2-378f-4f8e-8a29-464837b88cdc,A12,2021-02-08,1080.0,2.2771160922604756,18.464285714285715,3.5357142857142847,2.0,0,1.11,
TeamA-705923a2-378f-4f8e-8a29-464837b88cdc,A12,2021-02-10,1060.0,2.222123464045391,18.383928571428573,5.866071428571427,4.0,0,1.046,
TeamA-705923a2-378f-4f8e-8a29-464837b88cdc,A12,2021-02-12,770.0,1.4247303549266583,18.625,1.125,2.0,0,1.069,
TeamA-705923a2-378f-4f8e-8a29-464837b88cdc,A12,2021-02-15,900.0,1.782182438324711,18.785714285714285,7.714285714285715,4.0,0,1.006,
TeamA-705923a2-378f-4f8e-8a29-464837b88cdc,A12,2021-02-17,930.0,1.8646713806473383,19.107142857142858,2.8928571428571423,2.0,0,0.897,
TeamA-705923a2-378f-4f8e-8a29-464837b88cdc,A12,2021-02-20,1080.0,2.2771160922604756,19.107142857142858,0.6428571428571423,3.0,0,0.773,
TeamA-705923a2-378f-4f8e-8a29-464837b88cdc,A12,2021-03-01,1050.0,2.1946271499378485,18.625,1.125,2.0,0,0.767,
TeamA-705923a2-378f-4f8e-8a29-464837b88cdc,A12,2021-03-06,900.0,1.782182438324711,18.76,7.739999999999998,3.0,0,1.213,
TeamA-705923a2-378f-4f8e-8a29-464837b88cdc,A12,2021-03-19,900.0,1.782182438324711,17.304347826086957,0.19565217391304301,4.0,0,0.846,
TeamA-705923a2-378f-4f8e-8a29-464837b88cdc,A12,2021-05-30,1280.0,2.827042374411326,16.6,3.1499999999999986,4.0,0,1.213,
TeamA-705923a2-378f-4f8e-8a29-464837b88cdc,A12,2021-06-03,1180.0,2.552079233335901,17.35,2.3999999999999986,,1,1.133,
TeamA-705923a2-378f-4f8e-8a29-464837b88cdc,A12,2021-07-14,810.0,1.5347156113568283,18.44736842105263,5.80263157894737,,1,1.355,
TeamA-705923a2-378f-4f8e-8a29-464837b88cdc,A12,2021-08-30,900.0,1.782182438324711,18.9625,5.287500000000001,2.0,0,0.726,
TeamA-705923a2-378f-4f8e-8a29-464837b88cdc,A12,2021-09-01,970.0,1.9746566370775083,19.6375,9.1125,2.0,0,1.148,
TeamA-705923a2-378f-4f8e-8a29-464837b88cdc,A12,2021-09-04,780.0,1.4522266690342007,19.852272727272727,6.647727272727273,2.0,0,1.59,
TeamA-705923a2-378f-4f8e-8a29-464837b88cdc,A12,2021-09-17,560.0,0.8473077586682658,19.358695652173914,4.891304347826086,8.0,0,0.956,
TeamA-705923a2-378f-4f8e-8a29-464837b88cdc,A12,2021-10-03,1080.0,2.2771160922604756,18.678571428571427,10.071428571428573,5.0,0,0.799,
TeamA-705923a2-378f-4f8e-8a29-464837b88cdc,A12,2021-10-16,800.0,1.5072192972492857,19.1875,2.8125,3.0,0,1.095,
TeamA-74afe68c-f348-414c-9754-6d6f9df12587,A13,2020-04-04,900.0,1.8204755692764163,23.95,0.3000000000000007,3.0,0,1.69,
TeamA-74afe68c-f348-414c-9754-6d6f9df12587,A13,2020-04-15,800.0,1.503278724841783,21.653846153846153,0.3461538461538467,2.0,0,0.938,
TeamA-74afe68c-f348-414c-9754-6d6f9df12587,A13,2020-04-18,880.0,1.7570362003894897,21.357142857142858,2.8928571428571423,2.0,0,1.147,
TeamA-74afe68c-f348-414c-9754-6d6f9df12587,A13,2020-04-21,990.0,2.105952729267586,21.116071428571427,3.133928571428573,4.0,0,1.057,
TeamA-74afe68c-f348-414c-9754-6d6f9df12587,A13,2020-04-25,900.0,1.8204755692764163,21.035714285714285,5.464285714285715,,1,0.984,
TeamA-74afe68c-f348-414c-9754-6d6f9df12587,A13,2020-04-28,960.0,2.010793675937196,21.035714285714285,5.464285714285715,,1,0.952,
TeamA-74afe68c-f348-414c-9754-6d6f9df12587,A13,2020-04-30,1350.0,3.247861369232266,20.955357142857142,5.544642857142858,,1,1.14,
TeamA-74afe68c-f348-414c-9754-6d6f9df12587,A13,2020-05-05,900.0,1.8204755692764163,21.116071428571427,5.383928571428573,,1,1.063,
TeamA-74afe68c-f348-414c-9754-6d6f9df12587,A13,2020-05-07,940.0,1.9473543070502697,21.4375,5.0625,,1,0.915,
TeamA-74afe68c-f348-414c-9754-6d6f9df12587,A13,2020-05-08,800.0,1.503278724841783,21.678571428571427,4.821428571428573,,1,1.087,
TeamA-74afe68c-f348-414c-9754-6d6f9df12587,A13,2020-05-09,720.0,1.2495212492940764,22.080357142857142,4.419642857142858,5.0,0,1.227,
TeamA-74afe68c-f348-414c-9754-6d6f9df12587,A13,2020-05-11,770.0,1.4081196715113928,23.044642857142858,3.4553571428571423,3.0,0,1.155,
TeamA-74afe68c-f348-414c-9754-6d6f9df12587,A13,2020-05-12,1110.0,2.486588942589146,23.366071428571427,0.883928571428573,2.0,0,1.187,
TeamA-74afe68c-f348-414c-9754-6d6f9df12587,A13,2020-05-23,640.0,0.9957637737463697,23.848214285714285,2.6517857142857153,7.0,0,0.831,
TeamA-74afe68c-f348-414c-9754-6d6f9df12587,A13,2020-05-26,700.0,1.1860818804071496,23.848214285714285,2.6517857142857153,4.0,0,0.791,
TeamA-74afe68c-f348-414c-9754-6d6f9df12587,A13,2020-05-27,990.0,2.105952729267586,23.928571428571427,2.571428571428573,3.0,0,0.832,
TeamA-74afe68c-f348-414c-9754-6d6f9df12587,A13,2020-05-28,900.0,1.8204755692764163,24.008928571428573,0.24107142857142705,2.0,0,1.088,
TeamA-74afe68c-f348-414c-9754-6d6f9df12587,A13,2020-06-12,630.0,0.9640440893029064,21.758928571428573,0.24107142857142705,3.0,0,0.963,
TeamA-74afe68c-f348-414c-9754-6d6f9df12587,A13,2020-06-13,720.0,1.2495212492940764,21.678571428571427,0.32142857142857295,2.0,0,0.952,
TeamA-74afe68c-f348-414c-9754-6d6f9df12587,A13,2020-06-16,900.0,1.8204755692764163,21.517857142857142,0.48214285714285765,2.0,0,0.968,
TeamA-74afe68c-f348-414c-9754-6d6f9df12587,A13,2020-06-26,780.0,1.4398393559548563,20.232142857142858,1.7678571428571423,2.0,0,0.922,
TeamA-74afe68c-f348-414c-9754-6d6f9df12587,A13,2020-06-30,1030.0,2.2328314670414393,20.232142857142858,6.267857142857142,5.0,0,1.13,
TeamA-74afe68c-f348-414c-9754-6d6f9df12587,A13,2020-07-15,900.0,1.8204755692764163,20.553571428571427,3.696428571428573,3.0,0,1.344,
TeamA-74afe68c-f348-414c-9754-6d6f9df12587,A13,2020-07-18,960.0,2.010793675937196,20.794642857142858,3.4553571428571423,2.0,0,1.311,
TeamA-74afe68c-f348-414c-9754-6d6f9df12587,A13,2020-07-20,900.0,1.8204755692764163,20.955357142857142,3.2946428571428577,2.0,0,1.447,
TeamA-74afe68c-f348-414c-9754-6d6f9df12587,A13,2020-07-27,810.0,1.5349984092852462,20.955357142857142,3.2946428571428577,3.0,0,1.422,
TeamA-74afe68c-f348-414c-9754-6d6f9df12587,A13,2020-07-28,960.0,2.010793675937196,20.875,3.375,2.0,0,1.414,
TeamA-74afe68c-f348-414c-9754-6d6f9df12587,A13,2020-08-02,770.0,1.4081196715113928,20.633928571428573,3.616071428571427,6.0,0,1.132,
TeamA-74afe68c-f348-414c-9754-6d6f9df12587,A13,2020-08-03,810.0,1.5349984092852462,20.633928571428573,3.616071428571427,5.0,0,1.075,
TeamA-74afe68c-f348-414c-9754-6d6f9df12587,A13,2020-08-04,960.0,2.010793675937196,20.714285714285715,3.5357142857142847,4.0,0,1.035,
TeamA-74afe68c-f348-414c-9754-6d6f9df12587,A13,2020-08-05,840.0,1.6301574626156363,20.794642857142858,1.2053571428571423,3.0,0,1.024,
TeamA-74afe68c-f348-414c-9754-6d6f9df12587,A13,2020-08-06,840.0,1.6301574626156363,20.955357142857142,1.0446428571428577,2.0,0,1.059,
TeamA-74afe68c-f348-414c-9754-6d6f9df12587,A13,2020-08-10,800.0,1.503278724841783,21.357142857142858,2.8928571428571423,,1,0.96,
TeamA-74afe68c-f348-414c-9754-6d6f9df12587,A13,2020-08-11,1180.0,2.7086267336933894,21.357142857142858,2.8928571428571423,,1,0.972,
TeamA-74afe68c-f348-414c-9754-6d6f9df12587,A13,2020-08-12,840.0,1.6301574626156363,21.4375,2.8125,10.0,0,0.975,
TeamA-74afe68c-f348-414c-9754-6d6f9df12587,A13,2020-08-14,880.0,1.7570362003894897,21.598214285714285,2.6517857142857153,8.0,0,0.872,
TeamA-74afe68c-f348-414c-9754-6d6f9df12587,A13,2020-08-17,720.0,1.2495212492940764,21.598214285714285,2.6517857142857153,5.0,0,0.969,
TeamA-74afe68c-f348-414c-9754-6d6f9df12587,A13,2020-08-19,1260.0,2.962384209241096,21.598214285714285,2.6517857142857153,3.0,0,0.915,
TeamA-74afe68c-f348-414c-9754-6d6f9df12587,A13,2020-08-29,720.0,1.2495212492940764,22.803571428571427,3.696428571428573,2.0,0,0.87,
TeamA-74afe68c-f348-414c-9754-6d6f9df12587,A13,2020-09-09,650.0,1.027483458189833,23.044642857142858,3.4553571428571423,3.0,0,1.151,
TeamA-74afe68c-f348-414c-9754-6d6f9df12587,A13,2020-09-10,630.0,0.9640440893029064,22.964285714285715,3.5357142857142847,2.0,0,1.097,
TeamA-74afe68c-f348-414c-9754-6d6f9df12587,A13,2020-09-14,720.0,1.2495212492940764,23.044642857142858,5.705357142857142,5.0,0,1.186,
TeamA-74afe68c-f348-414c-9754-6d6f9df12587,A13,2020-09-15,1100.0,2.4548692581456826,23.044642857142858,5.705357142857142,4.0,0,1.224,
TeamA-74afe68c-f348-414c-9754-6d6f9df12587,A13,2020-09-17,980.0,2.074233044824123,23.285714285714285,5.464285714285715,2.0,0,1.273,
TeamA-74afe68c-f348-414c-9754-6d6f9df12587,A13,2020-09-21,720.0,1.2495212492940764,23.526785714285715,2.9732142857142847,5.0,0,1.087,
TeamA-74afe68c-f348-414c-9754-6d6f9df12587,A13,2020-09-23,720.0,1.2495212492940764,23.526785714285715,2.9732142857142847,3.0,0,0.973,
TeamA-74afe68c-f348-414c-9754-6d6f9df12587,A13,2020-09-28,630.0,0.9640440893029064,23.446428571428573,0.803571428571427,3.0,0,0.853,
TeamA-74afe68c-f348-414c-9754-6d6f9df12587,A13,2020-10-07,900.0,1.8204755692764163,23.607142857142858,0.6428571428571423,2.0,0,0.999,
TeamA-74afe68c-f348-414c-9754-6d6f9df12587,A13,2020-10-12,630.0,0.9640440893029064,23.366071428571427,0.883928571428573,4.0,0,1.152,
TeamA-74afe68c-f348-414c-9754-6d6f9df12587,A13,2020-10-13,630.0,0.9640440893029064,23.446428571428573,0.803571428571427,3.0,0,1.131,
TeamA-74afe68c-f348-414c-9754-6d6f9df12587,A13,2020-10-14,830.0,1.5984377781721728,23.366071428571427,0.883928571428573,2.0,0,1.083,
TeamA-74afe68c-f348-414c-9754-6d6f9df12587,A13,2020-10-18,720.0,1.2495212492940764,22.883928571428573,3.616071428571427,5.0,0,1.051,
TeamA-74afe68c-f348-414c-9754-6d6f9df12587,A13,2020-10-28,870.0,1.7253165159460264,22.482142857142858,1.7678571428571423,2.0,0,0.868,
TeamA-74afe68c-f348-414c-9754-6d6f9df12587,A13,2020-11-20,720.0,1.2495212492940764,21.919642857142858,6.830357142857142,,1,1.224,
TeamA-74afe68c-f348-414c-9754-6d6f9df12587,A13,2020-11-23,1040.0,2.264551151484903,22.321428571428573,6.428571428571427,3.0,0,1.393,
TeamA-74afe68c-f348-414c-9754-6d6f9df12587,A13,2020-11-24,720.0,1.2495212492940764,22.321428571428573,1.928571428571427,2.0,0,1.462,
TeamA-74afe68c-f348-414c-9754-6d6f9df12587,A13,2020-12-02,880.0,1.7570362003894897,23.044642857142858,3.4553571428571423,2.0,0,1.091,
TeamA-74afe68c-f348-414c-9754-6d6f9df12587,A13,2021-01-02,960.0,2.010793675937196,22.0,4.5,3.0,0,1.37,
TeamA-74afe68c-f348-414c-9754-6d6f9df12587,A13,2021-01-19,720.0,1.2495212492940764,21.758928571428573,6.991071428571427,10.0,0,0.95,
TeamA-74afe68c-f348-414c-9754-6d6f9df12587,A13,2021-01-20,630.0,0.9640440893029064,21.919642857142858,6.830357142857142,9.0,0,0.979,
TeamA-74afe68c-f348-414c-9754-6d6f9df12587,A13,2021-01-22,720.0,1.2495212492940764,22.241071428571427,6.508928571428573,2.0,0,1.048,
TeamA-74afe68c-f348-414c-9754-6d6f9df12587,A13,2021-01-26,720.0,1.2495212492940764,22.883928571428573,3.616071428571427,2.0,0,1.079,
TeamA-74afe68c-f348-414c-9754-6d6f9df12587,A13,2021-02-03,870.0,1.7253165159460264,22.482142857142858,1.7678571428571423,2.0,0,1.126,
TeamA-74afe68c-f348-414c-9754-6d6f9df12587,A13,2021-02-10,960.0,2.010793675937196,22.401785714285715,1.8482142857142847,2.0,0,1.077,
TeamA-74afe68c-f348-414c-9754-6d6f9df12587,A13,2021-02-12,630.0,0.9640440893029064,22.642857142857142,3.8571428571428577,3.0,0,1.144,
TeamA-74afe68c-f348-414c-9754-6d6f9df12587,A13,2021-02-13,900.0,1.8204755692764163,22.642857142857142,3.8571428571428577,2.0,0,1.122,
TeamA-74afe68c-f348-414c-9754-6d6f9df12587,A13,2021-02-17,840.0,1.6301574626156363,22.723214285714285,1.5267857142857153,3.0,0,1.068,
TeamA-74afe68c-f348-414c-9754-6d6f9df12587,A13,2021-02-20,990.0,2.105952729267586,22.482142857142858,6.267857142857142,6.0,0,0.936,
TeamA-74afe68c-f348-414c-9754-6d6f9df12587,A13,2021-03-02,630.0,0.9640440893029064,22.883928571428573,3.616071428571427,3.0,0,0.867,
TeamA-74afe68c-f348-414c-9754-6d6f9df12587,A13,2021-03-03,880.0,1.7570362003894897,22.883928571428573,3.616071428571427,2.0,0,1.005,
TeamA-74afe68c-f348-414c-9754-6d6f9df12587,A13,2021-03-06,810.0,1.5349984092852462,22.964285714285715,1.2857142857142847,2.0,0,1.2,
TeamA-74afe68c-f348-414c-9754-6d6f9df12587,A13,2021-03-09,810.0,1.5349984092852462,23.044642857142858,5.705357142857142,3.0,0,1.125,
TeamA-74afe68c-f348-414c-9754-6d6f9df12587,A13,2021-03-16,630.0,0.9640440893029064,23.6875,7.3125,2.0,0,0.973,
TeamA-74afe68c-f348-414c-9754-6d6f9df12587,A13,2021-04-15,720.0,1.2495212492940764,23.928571428571427,4.821428571428573,6.0,0,2.67,
TeamA-74afe68c-f348-414c-9754-6d6f9df12587,A13,2021-04-19,810.0,1.5349984092852462,24.732142857142858,4.017857142857142,2.0,0,2.165,
TeamA-74afe68c-f348-414c-9754-6d6f9df12587,A13,2021-04-23,640.0,0.9957637737463697,25.294642857142858,1.2053571428571423,3.0,0,1.873,
TeamA-74afe68c-f348-414c-9754-6d6f9df12587,A13,2021-04-26,630.0,0.9640440893029064,25.696428571428573,3.053571428571427,6.0,0,1.268,
TeamA-74afe68c-f348-414c-9754-6d6f9df12587,A13,2021-04-30,810.0,1.5349984092852462,26.098214285714285,0.4017857142857153,2.0,0,1.033,
TeamA-74afe68c-f348-414c-9754-6d6f9df12587,A13,2021-05-05,810.0,1.5349984092852462,26.017857142857142,0.48214285714285765,2.0,0,0.915,
TeamA-74afe68c-f348-414c-9754-6d6f9df12587,A13,2021-05-10,840.0,1.6301574626156363,25.455357142857142,3.2946428571428577,2.0,0,1.005,
TeamA-74afe68c-f348-414c-9754-6d6f9df12587,A13,2021-06-01,640.0,0.9957637737463697,24.942307692307693,1.5576923076923066,2.0,0,1.097,
TeamA-74afe68c-f348-414c-9754-6d6f9df12587,A13,2021-07-22,960.0,2.010793675937196,24.083333333333332,4.666666666666668,3.0,0,1.613,
TeamA-74afe68c-f348-414c-9754-6d6f9df12587,A13,2021-09-01,720.0,1.2495212492940764,23.928571428571427,2.571428571428573,4.0,0,1.156,
TeamA-74afe68c-f348-414c-9754-6d6f9df12587,A13,2021-11-28,770.0,1.4081196715113928,23.416666666666668,3.083333333333332,7.0,0,1.456,
TeamA-74afe68c-f348-414c-9754-6d6f9df12587,A13,2021-12-23,820.0,1.5667180937287095,23.6875,2.8125,2.0,0,1.798,
TeamA-78f2ae2c-caf7-47eb-9e84-521f7820182e,A14,2020-10-14,990.0,2.353442240117947,15.147727272727273,4.602272727272727,,1,1.085,
TeamA-78f2ae2c-caf7-47eb-9e84-521f7820182e,A14,2020-10-15,630.0,1.2105526665629756,15.054347826086957,4.695652173913043,,1,1.141,
TeamA-78f2ae2c-caf7-47eb-9e84-521f7820182e,A14,2020-10-21,780.0,1.6867566555442137,16.06,3.6900000000000013,6.0,0,0.866,
TeamA-78f2ae2c-caf7-47eb-9e84-521f7820182e,A14,2020-10-22,720.0,1.4962750599517185,16.06,3.6900000000000013,5.0,0,0.852,
TeamA-78f2ae2c-caf7-47eb-9e84-521f7820182e,A14,2020-11-01,900.0,2.067719846729204,16.6,3.1499999999999986,4.0,0,1.248,
TeamA-78f2ae2c-caf7-47eb-9e84-521f7820182e,A14,2020-11-07,630.0,1.2105526665629756,17.05,0.4499999999999993,2.0,0,1.05,
TeamA-78f2ae2c-caf7-47eb-9e84-521f7820182e,A14,2020-11-18,600.0,1.115311868766728,17.77,1.9800000000000004,2.0,0,0.693,
TeamA-78f2ae2c-caf7-47eb-9e84-521f7820182e,A14,2020-11-27,780.0,1.6867566555442137,17.14,0.35999999999999943,2.0,0,1.37,
TeamA-78f2ae2c-caf7-47eb-9e84-521f7820182e,A14,2020-12-01,540.0,0.9248302731742328,17.40625,0.09375,2.0,0,1.21,
TeamA-78f2ae2c-caf7-47eb-9e84-521f7820182e,A14,2020-12-06,540.0,0.9248302731742328,17.23,2.5199999999999996,4.0,0,1.045,
TeamA-78f2ae2c-caf7-47eb-9e84-521f7820182e,A14,2021-01-25,870.0,1.9724790489329564,14.40625,7.59375,7.0,0,1.179,
TeamA-78f2ae2c-caf7-47eb-9e84-521f7820182e,A14,2021-01-26,630.0,1.2105526665629756,14.323529411764707,7.6764705882352935,6.0,0,1.149,
TeamA-78f2ae2c-caf7-47eb-9e84-521f7820182e,A14,2021-01-27,790.0,1.718503588142963,14.5,7.5,5.0,0,1.108,
TeamA-78f2ae2c-caf7-47eb-9e84-521f7820182e,A14,2021-01-30,1290.0,3.305850218080423,15.035714285714286,6.9642857142857135,2.0,0,1.193,
TeamA-78f2ae2c-caf7-47eb-9e84-521f7820182e,A14,2021-02-01,1060.0,2.5756707683091915,15.445652173913043,4.304347826086957,2.0,0,1.265,
TeamA-78f2ae2c-caf7-47eb-9e84-521f7820182e,A14,2021-02-04,720.0,1.4962750599517185,15.445652173913043,4.304347826086957,4.0,0,1.28,
TeamA-78f2ae2c-caf7-47eb-9e84-521f7820182e,A14,2021-02-05,630.0,1.2105526665629756,15.34375,2.15625,3.0,0,1.313,
TeamA-78f2ae2c-caf7-47eb-9e84-521f7820182e,A14,2021-02-06,720.0,1.4962750599517185,15.53125,1.96875,2.0,0,1.152,
TeamA-78f2ae2c-caf7-47eb-9e84-521f7820182e,A14,2021-02-08,900.0,2.067719846729204,15.682692307692308,1.8173076923076916,2.0,0,1.146,
TeamA-78f2ae2c-caf7-47eb-9e84-521f7820182e,A14,2021-02-10,880.0,2.0042259815317056,15.5,4.25,4.0,0,1.136,
TeamA-78f2ae2c-caf7-47eb-9e84-521f7820182e,A14,2021-02-12,560.0,0.9883241383717313,15.651785714285714,4.0982142857142865,2.0,0,1.04,
TeamA-78f2ae2c-caf7-47eb-9e84-521f7820182e,A14,2021-02-16,540.0,0.9248302731742328,16.294642857142858,5.705357142857142,5.0,0,0.992,
TeamA-78f2ae2c-caf7-47eb-9e84-521f7820182e,A14,2021-02-17,740.0,1.5597689251492168,16.455357142857142,5.544642857142858,4.0,0,0.956,
TeamA-78f2ae2c-caf7-47eb-9e84-521f7820182e,A14,2021-03-01,830.0,1.8454913185379598,17.0,2.75,3.0,0,0.727,
TeamA-78f2ae2c-caf7-47eb-9e84-521f7820182e,A14,2021-03-11,640.0,1.242299599161725,16.87,2.879999999999999,8.0,0,1.038,
TeamA-78f2ae2c-caf7-47eb-9e84-521f7820182e,A14,2021-03-12,1140.0,2.829646229099185,16.69,3.0599999999999987,7.0,0,1.164,
TeamA-78f2ae2c-caf7-47eb-9e84-521f7820182e,A14,2021-03-15,570.0,1.0200710709704806,16.65625,3.09375,4.0,0,1.275,
TeamA-78f2ae2c-caf7-47eb-9e84-521f7820182e,A14,2021-03-16,690.0,1.4010342621554708,16.619565217391305,3.1304347826086953,3.0,0,1.242,
TeamA-78f2ae2c-caf7-47eb-9e84-521f7820182e,A14,2021-03-17,900.0,2.067719846729204,16.52173913043478,3.2282608695652186,2.0,0,1.309,
TeamA-78f2ae2c-caf7-47eb-9e84-521f7820182e,A14,2021-03-24,800.0,1.750250520741712,16.107142857142858,1.3928571428571423,2.0,0,0.918,
TeamA-78f2ae2c-caf7-47eb-9e84-521f7820182e,A14,2021-03-27,630.0,1.2105526665629756,16.107142857142858,3.6428571428571423,4.0,0,1.011,
TeamA-78f2ae2c-caf7-47eb-9e84-521f7820182e,A14,2021-03-28,540.0,0.9248302731742328,16.214285714285715,3.5357142857142847,3.0,0,1.012,
TeamA-78f2ae2c-caf7-47eb-9e84-521f7820182e,A14,2021-04-06,840.0,1.877238251136709,16.5,3.25,,1,0.62,
TeamA-78f2ae2c-caf7-47eb-9e84-521f7820182e,A14,2021-04-10,800.0,1.750250520741712,16.75,3.0,10.0,0,1.208,
TeamA-78f2ae2c-caf7-47eb-9e84-521f7820182e,A14,2021-04-12,980.0,2.3216953075191977,16.75,3.0,8.0,0,1.4,
TeamA-78f2ae2c-caf7-47eb-9e84-521f7820182e,A14,2021-04-23,720.0,1.4962750599517185,17.285714285714285,4.714285714285715,,1,0.856,
TeamA-78f2ae2c-caf7-47eb-9e84-521f7820182e,A14,2021-04-28,1320.0,3.4010910158766707,17.392857142857142,4.607142857142858,,1,1.131,
TeamA-78f2ae2c-caf7-47eb-9e84-521f7820182e,A14,2021-05-01,720.0,1.4962750599517185,17.695652173913043,4.304347826086957,4.0,0,1.024,
TeamA-78f2ae2c-caf7-47eb-9e84-521f7820182e,A14,2021-05-05,810.0,1.7819974533404612,18.4375,1.3125,2.0,0,0.967,
TeamA-78f2ae2c-caf7-47eb-9e84-521f7820182e,A14,2021-05-22,720.0,1.4962750599517185,17.41,2.34,2.0,0,1.351,
TeamA-78f2ae2c-caf7-47eb-9e84-521f7820182e,A14,2021-05-26,1740.0,4.734462185024137,17.23,0.2699999999999996,3.0,0,1.253,
TeamA-78f2ae2c-caf7-47eb-9e84-521f7820182e,A14,2021-05-29,720.0,1.4962750599517185,17.03125,2.71875,5.0,0,1.139,
TeamA-78f2ae2c-caf7-47eb-9e84-521f7820182e,A14,2021-06-05,810.0,1.7819974533404612,16.15,5.850000000000001,4.0,0,1.121,
TeamA-78f2ae2c-caf7-47eb-9e84-521f7820182e,A14,2021-06-09,1020.0,2.4486830379141944,16.24,1.2600000000000016,3.0,0,1.041,
TeamA-78f2ae2c-caf7-47eb-9e84-521f7820182e,A14,2021-06-22,810.0,1.7819974533404612,15.76923076923077,3.98076923076923,5.0,0,0.903,
TeamA-78f2ae2c-caf7-47eb-9e84-521f7820182e,A14,2021-06-30,720.0,1.4962750599517185,15.43,4.32,7.0,0,1.007,
TeamA-78f2ae2c-caf7-47eb-9e84-521f7820182e,A14,2021-07-05,720.0,1.4962750599517185,15.79,1.7100000000000009,2.0,0,0.934,
TeamA-78f2ae2c-caf7-47eb-9e84-521f7820182e,A14,2021-07-11,1050.0,2.543923835710442,15.152173913043478,6.8478260869565215,5.0,0,1.089,
TeamA-78f2ae2c-caf7-47eb-9e84-521f7820182e,A14,2021-07-12,670.0,1.3375403969579724,15.543478260869565,6.4565217391304355,3.0,0,1.053,
TeamA-78f2ae2c-caf7-47eb-9e84-521f7820182e,A14,2021-08-07,810.0,1.7819974533404612,16.0375,3.7124999999999986,4.0,0,1.111,
TeamA-78f2ae2c-caf7-47eb-9e84-521f7820182e,A14,2021-08-14,810.0,1.7819974533404612,16.07894736842105,8.171052631578949,2.0,0,0.877,
TeamA-78f2ae2c-caf7-47eb-9e84-521f7820182e,A14,2021-08-21,900.0,2.067719846729204,16.535714285714285,7.714285714285715,,1,1.021,
TeamA-78f2ae2c-caf7-47eb-9e84-521f7820182e,A14,2021-08-25,630.0,1.2105526665629756,16.681818181818183,3.0681818181818166,9.0,0,1.014,
TeamA-78f2ae2c-caf7-47eb-9e84-521f7820182e,A14,2021-08-28,630.0,1.2105526665629756,17.392857142857142,2.3571428571428577,6.0,0,0.948,
TeamA-78f2ae2c-caf7-47eb-9e84-521f7820182e,A14,2021-09-08,1020.0,2.4486830379141944,17.5,4.5,2.0,0,1.236,
TeamA-78f2ae2c-caf7-47eb-9e84-521f7820182e,A14,2021-09-12,720.0,1.4962750599517185,17.695652173913043,8.804347826086957,2.0,0,1.246,
TeamA-78f2ae2c-caf7-47eb-9e84-521f7820182e,A14,2021-09-22,1000.0,2.385189172716696,17.6125,4.387499999999999,4.0,0,1.231,
TeamA-78f2ae2c-caf7-47eb-9e84-521f7820182e,A14,2021-09-28,600.0,1.115311868766728,17.95,8.55,,1,1.069,
TeamA-78f2ae2c-caf7-47eb-9e84-521f7820182e,A14,2021-09-29,1120.0,2.7661523639016865,17.95,8.55,,1,1.011,
TeamA-78f2ae2c-caf7-47eb-9e84-521f7820182e,A14,2021-10-02,810.0,1.7819974533404612,18.4,8.100000000000001,10.0,0,1.018,
TeamA-78f2ae2c-caf7-47eb-9e84-521f7820182e,A14,2021-10-14,900.0,2.067719846729204,19.61764705882353,2.382352941176471,9.0,0,0.664,
TeamA-78f2ae2c-caf7-47eb-9e84-521f7820182e,A14,2021-10-16,1080.0,2.63916463350669,19.75,2.25,2.0,0,0.944,
TeamA-78f2ae2c-caf7-47eb-9e84-521f7820182e,A14,2021-10-28,630.0,1.2105526665629756,20.0875,1.9125000000000014,3.0,0,1.018,
TeamA-78f2ae2c-caf7-47eb-9e84-521f7820182e,A14,2021-10-29,800.0,1.750250520741712,19.975,2.0249999999999986,2.0,0,1.267,
TeamA-82a0cc6a-a398-4c89-b5fb-34bc4b53dbea,A16,2020-08-12,840.0,2.391465948029868,22.160714285714285,2.0892857142857153,2.0,0,1.645,
TeamA-82a0cc6a-a398-4c89-b5fb-34bc4b53dbea,A16,2020-08-15,450.0,0.986741466472569,22.0,6.75,3.0,0,1.506,
TeamA-82a0cc6a-a398-4c89-b5fb-34bc4b53dbea,A16,2020-09-02,930.0,2.715633136081552,21.134615384615383,9.865384615384617,8.0,0,0.785,
TeamA-82a0cc6a-a398-4c89-b5fb-34bc4b53dbea,A16,2020-09-19,920.0,2.679614559631365,23.6875,5.0625,6.0,0,2.0,
TeamA-82a0cc6a-a398-4c89-b5fb-34bc4b53dbea,A16,2020-10-20,630.0,1.6350758425759377,21.91346153846154,2.33653846153846,3.0,0,1.892,
TeamA-82a0cc6a-a398-4c89-b5fb-34bc4b53dbea,A16,2020-10-21,720.0,1.959243030627622,22.08653846153846,2.16346153846154,2.0,0,1.5,
TeamA-82a0cc6a-a398-4c89-b5fb-34bc4b53dbea,A16,2020-11-01,720.0,1.959243030627622,22.25,2.0,3.0,0,0.697,
TeamA-82a0cc6a-a398-4c89-b5fb-34bc4b53dbea,A16,2020-11-07,720.0,1.959243030627622,21.048076923076923,12.201923076923077,7.0,0,1.062,
TeamA-82a0cc6a-a398-4c89-b5fb-34bc4b53dbea,A16,2020-11-10,810.0,2.2834102186793066,21.134615384615383,12.115384615384617,4.0,0,1.038,
TeamA-82a0cc6a-a398-4c89-b5fb-34bc4b53dbea,A16,2020-11-18,1260.0,3.9042461589377284,21.64,2.6099999999999994,2.0,0,0.999,
TeamA-82a0cc6a-a398-4c89-b5fb-34bc4b53dbea,A16,2020-11-30,480.0,1.0947971958231304,19.65625,9.09375,4.0,0,1.192,
TeamA-82a0cc6a-a398-4c89-b5fb-34bc4b53dbea,A16,2020-12-02,790.0,2.211373065778932,20.2,1.8000000000000007,2.0,0,1.158,
TeamA-82a0cc6a-a398-4c89-b5fb-34bc4b53dbea,A16,2020-12-19,680.0,1.8151687248268735,18.175,8.325,2.0,0,1.394,
TeamA-82a0cc6a-a398-4c89-b5fb-34bc4b53dbea,A16,2020-12-22,360.0,0.6625742784208847,18.785714285714285,5.464285714285715,6.0,0,1.604,
TeamA-82a0cc6a-a398-4c89-b5fb-34bc4b53dbea,A16,2020-12-28,360.0,0.6625742784208847,20.125,10.875,,1,1.31,
TeamA-82a0cc6a-a398-4c89-b5fb-34bc4b53dbea,A16,2020-12-29,420.0,0.8786857371220076,19.5,11.5,,1,1.306,
TeamA-82a0cc6a-a398-4c89-b5fb-34bc4b53dbea,A16,2021-01-05,630.0,1.6350758425759377,19.45,7.050000000000001,,1,1.064,
TeamA-82a0cc6a-a398-4c89-b5fb-34bc4b53dbea,A16,2021-01-11,960.0,2.8236888654321137,20.57894736842105,5.921052631578949,4.0,0,1.213,
TeamA-82a0cc6a-a398-4c89-b5fb-34bc4b53dbea,A16,2021-01-13,450.0,0.986741466472569,21.644736842105264,2.6052631578947363,2.0,0,0.919,
TeamA-82a0cc6a-a398-4c89-b5fb-34bc4b53dbea,A16,2021-01-15,600.0,1.5270201132253762,22.225,2.0249999999999986,2.0,0,0.954,
TeamA-82a0cc6a-a398-4c89-b5fb-34bc4b53dbea,A16,2021-01-19,400.0,0.8066485842216332,22.9,1.3500000000000014,2.0,0,1.276,
TeamA-82a0cc6a-a398-4c89-b5fb-34bc4b53dbea,A16,2021-01-27,840.0,2.391465948029868,22.684782608695652,3.8152173913043477,6.0,0,1.088,
TeamA-82a0cc6a-a398-4c89-b5fb-34bc4b53dbea,A16,2021-01-29,800.0,2.2473916422291196,22.9375,3.5625,4.0,0,0.943,
TeamA-82a0cc6a-a398-4c89-b5fb-34bc4b53dbea,A16,2021-02-05,400.0,0.8066485842216332,22.482142857142858,8.517857142857142,5.0,0,0.944,
TeamA-82a0cc6a-a398-4c89-b5fb-34bc4b53dbea,A16,2021-02-06,1320.0,4.120357617638851,22.5625,8.4375,4.0,0,1.226,
TeamA-82a0cc6a-a398-4c89-b5fb-34bc4b53dbea,A16,2021-02-08,880.0,2.5355402538306167,22.803571428571427,8.196428571428573,2.0,0,1.171,
TeamA-82a0cc6a-a398-4c89-b5fb-34bc4b53dbea,A16,2021-02-10,940.0,2.7516517125317397,23.083333333333332,3.416666666666668,3.0,0,1.167,
TeamA-82a0cc6a-a398-4c89-b5fb-34bc4b53dbea,A16,2021-02-11,360.0,0.6625742784208847,22.916666666666668,1.3333333333333321,2.0,0,1.19,
TeamA-82a0cc6a-a398-4c89-b5fb-34bc4b53dbea,A16,2021-02-15,890.0,2.5715588302808037,23.0,1.25,2.0,0,0.947,
TeamA-82a0cc6a-a398-4c89-b5fb-34bc4b53dbea,A16,2021-02-22,450.0,0.986741466472569,23.083333333333332,3.416666666666668,3.0,0,0.914,
TeamA-82a0cc6a-a398-4c89-b5fb-34bc4b53dbea,A16,2021-03-01,540.0,1.3109086545242534,22.432692307692307,1.8173076923076934,3.0,0,0.589,
TeamA-82a0cc6a-a398-4c89-b5fb-34bc4b53dbea,A16,2021-03-02,540.0,1.3109086545242534,22.346153846153847,1.9038461538461533,2.0,0,0.661,
TeamA-82a0cc6a-a398-4c89-b5fb-34bc4b53dbea,A16,2021-03-10,450.0,0.986741466472569,21.826923076923077,4.673076923076923,3.0,0,1.095,
TeamA-82a0cc6a-a398-4c89-b5fb-34bc4b53dbea,A16,2021-03-11,360.0,0.6625742784208847,21.82,4.68,2.0,0,1.11,
TeamA-82a0cc6a-a398-4c89-b5fb-34bc4b53dbea,A16,2021-03-23,700.0,1.8872058777272478,20.125,1.875,2.0,0,1.208,
TeamA-82a0cc6a-a398-4c89-b5fb-34bc4b53dbea,A16,2021-04-19,480.0,1.0947971958231304,14.467391304347826,0.7826086956521738,2.0,0,0.739,
TeamA-82a0cc6a-a398-4c89-b5fb-34bc4b53dbea,A16,2021-04-24,540.0,1.3109086545242534,13.782608695652174,8.217391304347826,5.0,0,1.286,
TeamA-82a0cc6a-a398-4c89-b5fb-34bc4b53dbea,A16,2021-04-26,540.0,1.3109086545242534,13.978260869565217,3.521739130434783,3.0,0,1.273,
TeamA-82a0cc6a-a398-4c89-b5fb-34bc4b53dbea,A16,2021-05-13,360.0,0.6625742784208847,14.575,7.425000000000001,5.0,0,1.253,
TeamA-82a0cc6a-a398-4c89-b5fb-34bc4b53dbea,A16,2021-05-16,450.0,0.986741466472569,14.714285714285714,7.2857142857142865,2.0,0,1.127,
TeamA-82a0cc6a-a398-4c89-b5fb-34bc4b53dbea,A16,2021-05-30,800.0,2.2473916422291196,14.875,7.125,2.0,0,0.831,
TeamA-82a0cc6a-a398-4c89-b5fb-34bc4b53dbea,A16,2021-06-02,420.0,0.8786857371220076,14.6875,9.5625,7.0,0,0.932,
TeamA-82a0cc6a-a398-4c89-b5fb-34bc4b53dbea,A16,2021-07-12,420.0,0.8786857371220076,17.875,6.375,2.0,0,1.744,
TeamA-82a0cc6a-a398-4c89-b5fb-34bc4b53dbea,A16,2021-08-19,420.0,0.8786857371220076,15.875,8.375,2.0,0,0.953,
TeamA-82a0cc6a-a398-4c89-b5fb-34bc4b53dbea,A16,2021-08-26,420.0,0.8786857371220076,16.15,3.6000000000000014,4.0,0,0.856,
TeamA-82a0cc6a-a398-4c89-b5fb-34bc4b53dbea,A16,2021-08-27,620.0,1.5990572661257507,16.375,3.375,3.0,0,1.121,
TeamA-82a0cc6a-a398-4c89-b5fb-34bc4b53dbea,A16,2021-08-28,420.0,0.8786857371220076,16.416666666666668,3.333333333333332,2.0,0,1.122,
TeamA-82a0cc6a-a398-4c89-b5fb-34bc4b53dbea,A16,2021-12-25,480.0,1.0947971958231304,19.267857142857142,4.982142857142858,3.0,0,1.202,
TeamA-82a0cc6a-a398-4c89-b5fb-34bc4b53dbea,A16,2021-12-26,420.0,0.8786857371220076,19.6,2.3999999999999986,2.0,0,1.218,
TeamA-82a0cc6a-a398-4c89-b5fb-34bc4b53dbea,A16,2021-12-28,560.0,1.3829458074246277,20.014705882352942,6.485294117647058,2.0,0,1.339,
TeamA-967090b2-87d4-476b-adba-56cfaf65ba87,A17,2021-06-07,400.0,1.4667763112200702,14.455882352941176,5.294117647058824,3.0,0,1.037,
TeamA-967090b2-87d4-476b-adba-56cfaf65ba87,A17,2021-07-05,250.0,0.7281337902074831,14.08,3.42,5.0,0,1.045,
TeamA-967090b2-87d4-476b-adba-56cfaf65ba87,A17,2021-07-06,450.0,1.7129904848909325,13.99,3.51,4.0,0,1.157,
TeamA-967090b2-87d4-476b-adba-56cfaf65ba87,A17,2021-07-07,350.0,1.220562137549208,13.81,3.6899999999999995,3.0,0,1.505,
TeamA-967090b2-87d4-476b-adba-56cfaf65ba87,A17,2021-07-08,280.0,0.8758622944100006,13.865384615384615,1.384615384615385,2.0,0,1.591,
TeamA-967090b2-87d4-476b-adba-56cfaf65ba87,A17,2021-07-13,450.0,1.7129904848909325,13.803571428571429,1.4464285714285712,2.0,0,1.193,
TeamA-967090b2-87d4-476b-adba-56cfaf65ba87,A17,2021-07-19,360.0,1.2698049722833804,13.642857142857142,1.6071428571428577,2.0,0,1.284,
TeamA-967090b2-87d4-476b-adba-56cfaf65ba87,A17,2021-07-30,480.0,1.86071898909345,13.883928571428571,5.866071428571429,2.0,0,1.176,
TeamA-967090b2-87d4-476b-adba-56cfaf65ba87,A17,2021-08-02,360.0,1.2698049722833804,13.964285714285714,3.5357142857142865,3.0,0,0.915,
TeamA-967090b2-87d4-476b-adba-56cfaf65ba87,A17,2021-08-03,450.0,1.7129904848909325,13.883928571428571,1.3660714285714288,2.0,0,1.199,
TeamA-967090b2-87d4-476b-adba-56cfaf65ba87,A17,2021-08-11,630.0,2.5993615101060366,13.883928571428571,3.616071428571429,2.0,0,1.075,
TeamA-967090b2-87d4-476b-adba-56cfaf65ba87,A17,2021-08-17,280.0,0.8758622944100006,14.125,3.375,4.0,0,0.965,
TeamA-967090b2-87d4-476b-adba-56cfaf65ba87,A17,2021-08-22,300.0,0.9743479638783455,14.366071428571429,0.8839285714285712,2.0,0,0.874,
TeamA-967090b2-87d4-476b-adba-56cfaf65ba87,A17,2021-08-25,560.0,2.25466166696683,14.366071428571429,3.133928571428571,3.0,0,0.965,
TeamA-967090b2-87d4-476b-adba-56cfaf65ba87,A17,2021-08-26,280.0,0.8758622944100006,14.205357142857142,3.2946428571428577,2.0,0,1.055,
TeamA-967090b2-87d4-476b-adba-56cfaf65ba87,A17,2021-08-28,210.0,0.5311624512707933,14.446428571428571,7.553571428571429,7.0,0,1.099,
TeamA-967090b2-87d4-476b-adba-56cfaf65ba87,A17,2021-08-29,420.0,1.5652619806884152,14.205357142857142,7.794642857142858,6.0,0,1.133,
TeamA-967090b2-87d4-476b-adba-56cfaf65ba87,A17,2021-08-30,320.0,1.0728336333466904,14.526785714285714,7.4732142857142865,5.0,0,1.251,
TeamA-967090b2-87d4-476b-adba-56cfaf65ba87,A17,2021-08-31,450.0,1.7129904848909325,14.767857142857142,7.232142857142858,4.0,0,1.369,
TeamA-967090b2-87d4-476b-adba-56cfaf65ba87,A17,2021-09-01,740.0,3.141032692181934,14.848214285714286,7.1517857142857135,3.0,0,1.447,
TeamA-967090b2-87d4-476b-adba-56cfaf65ba87,A17,2021-09-13,300.0,0.9743479638783455,15.892857142857142,6.107142857142858,2.0,0,1.13,
TeamA-967090b2-87d4-476b-adba-56cfaf65ba87,A17,2021-09-18,1080.0,4.815289073143798,15.973214285714286,6.0267857142857135,5.0,0,1.055,
TeamA-967090b2-87d4-476b-adba-56cfaf65ba87,A17,2021-09-21,720.0,3.042547022713589,16.455357142857142,5.544642857142858,2.0,0,1.145,
TeamA-967090b2-87d4-476b-adba-56cfaf65ba87,A17,2021-09-27,350.0,1.220562137549208,17.098214285714285,4.901785714285715,7.0,0,0.87,
TeamA-967090b2-87d4-476b-adba-56cfaf65ba87,A17,2021-09-28,450.0,1.7129904848909325,17.017857142857142,4.982142857142858,6.0,0,0.735,
TeamA-967090b2-87d4-476b-adba-56cfaf65ba87,A17,2021-09-29,540.0,2.156175997498485,17.017857142857142,4.982142857142858,5.0,0,0.929,
TeamA-967090b2-87d4-476b-adba-56cfaf65ba87,A17,2021-10-02,350.0,1.220562137549208,17.098214285714285,4.901785714285715,2.0,0,0.933,
TeamA-967090b2-87d4-476b-adba-56cfaf65ba87,A17,2021-10-06,790.0,3.3872468658527963,17.258928571428573,0.24107142857142705,2.0,0,1.047,
TeamA-967090b2-87d4-476b-adba-56cfaf65ba87,A17,2021-10-13,560.0,2.25466166696683,16.776785714285715,0.7232142857142847,2.0,0,0.977,
TeamA-967090b2-87d4-476b-adba-56cfaf65ba87,A17,2021-10-16,720.0,3.042547022713589,17.017857142857142,2.7321428571428577,4.0,0,1.132,
TeamA-967090b2-87d4-476b-adba-56cfaf65ba87,A17,2021-10-20,720.0,3.042547022713589,16.9375,5.0625,2.0,0,1.209,
TeamA-967090b2-87d4-476b-adba-56cfaf65ba87,A17,2021-10-23,1080.0,4.815289073143798,16.776785714285715,0.7232142857142847,2.0,0,1.222,
TeamA-967090b2-87d4-476b-adba-56cfaf65ba87,A17,2021-10-26,1080.0,4.815289073143798,16.455357142857142,5.544642857142858,3.0,0,1.449,
TeamA-967090b2-87d4-476b-adba-56cfaf65ba87,A17,2021-11-07,880.0,3.8304323784603485,15.651785714285714,4.0982142857142865,2.0,0,1.062,
TeamA-967090b2-87d4-476b-adba-56cfaf65ba87,A17,2021-11-13,880.0,3.8304323784603485,15.732142857142858,4.017857142857142,3.0,0,1.215,
TeamA-967090b2-87d4-476b-adba-56cfaf65ba87,A17,2021-11-18,250.0,0.7281337902074831,15.651785714285714,4.0982142857142865,2.0,0,0.808,
TeamA-967090b2-87d4-476b-adba-56cfaf65ba87,A17,2021-11-24,1080.0,4.815289073143798,16.375,3.375,3.0,0,1.069,
TeamA-967090b2-87d4-476b-adba-56cfaf65ba87,A17,2021-11-29,300.0,0.9743479638783455,16.535714285714285,3.2142857142857153,2.0,0,0.919,
TeamA-967090b2-87d4-476b-adba-56cfaf65ba87,A17,2021-12-11,480.0,1.86071898909345,16.133928571428573,1.366071428571427,3.0,0,1.213,
TeamA-967090b2-87d4-476b-adba-56cfaf65ba87,A17,2021-12-15,730.0,3.0917898574477616,15.973214285714286,6.0267857142857135,2.0,0,1.303,
TeamA-967090b2-87d4-476b-adba-56cfaf65ba87,A17,2021-12-21,560.0,2.25466166696683,14.928571428571429,4.821428571428571,3.0,0,1.441,
TeamA-967090b2-87d4-476b-adba-56cfaf65ba87,A17,2021-12-22,720.0,3.042547022713589,14.848214285714286,4.9017857142857135,2.0,0,1.508,
TeamA-967090b2-87d4-476b-adba-56cfaf65ba87,A17,2021-12-27,610.0,2.500875840637692,14.285714285714286,3.2142857142857135,3.0,0,1.45,
TeamA-967090b2-87d4-476b-adba-56cfaf65ba87,A17,2021-12-28,720.0,3.042547022713589,14.125,1.125,2.0,0,1.403,
TeamA-967090b2-87d4-476b-adba-56cfaf65ba87,A17,2021-12-30,400.0,1.4667763112200702,14.125,3.375,,1,1.396,
TeamA-af719df9-3e6c-4ad4-9e8e-0c0c45f4f76a,A18,2020-04-18,960.0,2.3317919006796317,12.625,13.875,,1,1.169,
TeamA-af719df9-3e6c-4ad4-9e8e-0c0c45f4f76a,A18,2020-04-23,540.0,0.8695341965871044,15.605263157894736,15.394736842105264,9.0,0,1.183,
TeamA-af719df9-3e6c-4ad4-9e8e-0c0c45f4f76a,A18,2020-04-29,720.0,1.4962160697696163,17.61842105263158,13.381578947368421,3.0,0,1.384,
TeamA-af719df9-3e6c-4ad4-9e8e-0c0c45f4f76a,A18,2020-05-08,840.0,1.9140039852246238,20.375,1.625,2.0,0,0.954,
TeamA-af719df9-3e6c-4ad4-9e8e-0c0c45f4f76a,A18,2020-05-12,720.0,1.4962160697696163,20.714285714285715,3.5357142857142847,4.0,0,1.135,
TeamA-af719df9-3e6c-4ad4-9e8e-0c0c45f4f76a,A18,2020-05-13,560.0,0.9391655158296056,21.25,3.0,3.0,0,1.25,
TeamA-af719df9-3e6c-4ad4-9e8e-0c0c45f4f76a,A18,2020-05-14,750.0,1.6006630486333682,21.357142857142858,2.8928571428571423,2.0,0,1.26,
TeamA-af719df9-3e6c-4ad4-9e8e-0c0c45f4f76a,A18,2020-05-19,720.0,1.4962160697696163,20.363636363636363,1.6363636363636367,2.0,0,1.068,
TeamA-af719df9-3e6c-4ad4-9e8e-0c0c45f4f76a,A18,2020-05-25,840.0,1.9140039852246238,20.043478260869566,4.206521739130434,4.0,0,0.885,
TeamA-af719df9-3e6c-4ad4-9e8e-0c0c45f4f76a,A18,2020-05-26,630.0,1.1828751331783602,20.03125,4.21875,3.0,0,0.864,
TeamA-af719df9-3e6c-4ad4-9e8e-0c0c45f4f76a,A18,2020-05-27,660.0,1.2873221120421123,19.9375,4.3125,2.0,0,1.02,
TeamA-af719df9-3e6c-4ad4-9e8e-0c0c45f4f76a,A18,2020-06-10,850.0,1.9488196448458746,18.625,5.625,4.0,0,1.116,
TeamA-af719df9-3e6c-4ad4-9e8e-0c0c45f4f76a,A18,2020-06-16,700.0,1.426584750527115,18.625,10.125,7.0,0,1.115,
TeamA-af719df9-3e6c-4ad4-9e8e-0c0c45f4f76a,A18,2020-06-17,540.0,0.8695341965871044,18.705357142857142,10.044642857142858,6.0,0,0.989,
TeamA-af719df9-3e6c-4ad4-9e8e-0c0c45f4f76a,A18,2020-06-20,630.0,1.1828751331783602,18.946428571428573,9.803571428571427,3.0,0,0.832,
TeamA-af719df9-3e6c-4ad4-9e8e-0c0c45f4f76a,A18,2020-06-24,600.0,1.0784281543146084,19.589285714285715,4.660714285714285,6.0,0,0.739,
TeamA-af719df9-3e6c-4ad4-9e8e-0c0c45f4f76a,A18,2020-06-27,630.0,1.1828751331783602,19.669642857142858,4.580357142857142,3.0,0,0.749,
TeamA-af719df9-3e6c-4ad4-9e8e-0c0c45f4f76a,A18,2020-07-03,630.0,1.1828751331783602,20.794642857142858,1.2053571428571423,2.0,0,1.008,
TeamA-af719df9-3e6c-4ad4-9e8e-0c0c45f4f76a,A18,2020-07-08,540.0,0.8695341965871044,21.5,9.5,3.0,0,1.041,
TeamA-af719df9-3e6c-4ad4-9e8e-0c0c45f4f76a,A18,2020-07-15,600.0,1.0784281543146084,22.27,1.9800000000000004,3.0,0,0.862,
TeamA-af719df9-3e6c-4ad4-9e8e-0c0c45f4f76a,A18,2020-07-19,630.0,1.1828751331783602,22.391304347826086,4.108695652173914,5.0,0,1.037,
TeamA-af719df9-3e6c-4ad4-9e8e-0c0c45f4f76a,A18,2020-07-25,720.0,1.4962160697696163,22.71590909090909,1.53409090909091,3.0,0,0.929,
TeamA-af719df9-3e6c-4ad4-9e8e-0c0c45f4f76a,A18,2020-07-29,550.0,0.904349856208355,23.022727272727273,3.4772727272727266,3.0,0,0.928,
TeamA-af719df9-3e6c-4ad4-9e8e-0c0c45f4f76a,A18,2020-08-22,630.0,1.1828751331783602,22.883928571428573,1.366071428571427,2.0,0,1.171,
TeamA-af719df9-3e6c-4ad4-9e8e-0c0c45f4f76a,A18,2020-09-05,720.0,1.4962160697696163,22.09,6.66,4.0,0,1.566,
TeamA-af719df9-3e6c-4ad4-9e8e-0c0c45f4f76a,A18,2020-09-17,540.0,0.8695341965871044,21.15625,3.09375,4.0,0,1.086,
TeamA-af719df9-3e6c-4ad4-9e8e-0c0c45f4f76a,A18,2020-09-25,630.0,1.1828751331783602,20.714285714285715,1.2857142857142847,2.0,0,1.185,
TeamA-af719df9-3e6c-4ad4-9e8e-0c0c45f4f76a,A18,2020-09-30,630.0,1.1828751331783602,20.630434782608695,1.3695652173913047,2.0,0,1.143,
TeamA-af719df9-3e6c-4ad4-9e8e-0c0c45f4f76a,A18,2020-10-18,900.0,2.122897942952128,18.357142857142858,10.392857142857142,5.0,0,1.23,
TeamA-af719df9-3e6c-4ad4-9e8e-0c0c45f4f76a,A18,2020-11-01,810.0,1.809557006360872,19.0,9.75,5.0,0,1.0,
TeamA-af719df9-3e6c-4ad4-9e8e-0c0c45f4f76a,A18,2020-11-07,630.0,1.1828751331783602,20.93421052631579,5.565789473684209,3.0,0,0.933,
TeamA-af719df9-3e6c-4ad4-9e8e-0c0c45f4f76a,A18,2021-01-18,540.0,0.8695341965871044,19.328125,2.671875,4.0,0,0.957,
TeamA-af719df9-3e6c-4ad4-9e8e-0c0c45f4f76a,A18,2021-01-20,880.0,2.0532666237096264,20.03125,1.96875,2.0,0,1.214,
TeamA-af719df9-3e6c-4ad4-9e8e-0c0c45f4f76a,A18,2021-01-26,540.0,0.8695341965871044,19.964285714285715,4.285714285714285,3.0,0,1.247,
TeamA-af719df9-3e6c-4ad4-9e8e-0c0c45f4f76a,A18,2021-01-27,740.0,1.5658473890121176,20.285714285714285,3.9642857142857153,2.0,0,1.169,
TeamA-af719df9-3e6c-4ad4-9e8e-0c0c45f4f76a,A18,2021-02-01,630.0,1.1828751331783602,20.74,1.2600000000000016,7.0,0,1.282,
TeamA-af719df9-3e6c-4ad4-9e8e-0c0c45f4f76a,A18,2021-02-02,540.0,0.8695341965871044,20.92,1.0799999999999983,6.0,0,1.285,
TeamA-af719df9-3e6c-4ad4-9e8e-0c0c45f4f76a,A18,2021-02-03,880.0,2.0532666237096264,20.96153846153846,1.03846153846154,5.0,0,1.275,
TeamA-af719df9-3e6c-4ad4-9e8e-0c0c45f4f76a,A18,2021-02-05,540.0,0.8695341965871044,21.035714285714285,0.9642857142857153,3.0,0,1.152,
TeamA-af719df9-3e6c-4ad4-9e8e-0c0c45f4f76a,A18,2021-02-12,540.0,0.8695341965871044,20.78846153846154,3.46153846153846,5.0,0,0.903,
TeamA-af719df9-3e6c-4ad4-9e8e-0c0c45f4f76a,A18,2021-02-13,630.0,1.1828751331783602,20.528846153846153,3.7211538461538467,4.0,0,0.998,
TeamA-af719df9-3e6c-4ad4-9e8e-0c0c45f4f76a,A18,2021-02-15,540.0,0.8695341965871044,20.701923076923077,3.5480769230769234,2.0,0,1.017,
TeamA-af719df9-3e6c-4ad4-9e8e-0c0c45f4f76a,A18,2021-02-20,840.0,1.9140039852246238,20.78846153846154,1.21153846153846,2.0,0,0.887,
TeamA-af719df9-3e6c-4ad4-9e8e-0c0c45f4f76a,A18,2021-03-06,540.0,0.8695341965871044,20.74,1.2600000000000016,2.0,0,1.073,
TeamA-af719df9-3e6c-4ad4-9e8e-0c0c45f4f76a,A18,2021-03-09,630.0,1.1828751331783602,20.78846153846154,3.46153846153846,5.0,0,1.179,
TeamA-af719df9-3e6c-4ad4-9e8e-0c0c45f4f76a,A18,2021-03-10,540.0,0.8695341965871044,20.615384615384617,3.6346153846153832,4.0,0,1.238,
TeamA-af719df9-3e6c-4ad4-9e8e-0c0c45f4f76a,A18,2021-03-12,540.0,0.8695341965871044,20.96153846153846,1.03846153846154,2.0,0,1.308,
TeamA-af719df9-3e6c-4ad4-9e8e-0c0c45f4f76a,A18,2021-03-17,870.0,2.018450964088376,20.35576923076923,3.89423076923077,2.0,0,1.289,
TeamA-af719df9-3e6c-4ad4-9e8e-0c0c45f4f76a,A18,2021-03-22,540.0,0.8695341965871044,20.333333333333332,1.6666666666666679,2.0,0,1.258,
TeamA-af719df9-3e6c-4ad4-9e8e-0c0c45f4f76a,A18,2021-03-24,1200.0,3.1673677315896476,20.333333333333332,1.6666666666666679,5.0,0,1.159,
TeamA-af719df9-3e6c-4ad4-9e8e-0c0c45f4f76a,A18,2021-04-28,540.0,0.8695341965871044,20.714285714285715,3.5357142857142847,3.0,0,1.311,
TeamA-af719df9-3e6c-4ad4-9e8e-0c0c45f4f76a,A18,2021-05-19,1380.0,3.7940496047721592,21.567307692307693,0.4326923076923066,7.0,0,1.329,
TeamA-af719df9-3e6c-4ad4-9e8e-0c0c45f4f76a,A18,2021-05-23,630.0,1.1828751331783602,21.28,0.7199999999999989,3.0,0,1.154,
TeamA-af719df9-3e6c-4ad4-9e8e-0c0c45f4f76a,A18,2021-05-29,630.0,1.1828751331783602,20.65,10.350000000000001,2.0,0,1.432,
TeamA-af719df9-3e6c-4ad4-9e8e-0c0c45f4f76a,A18,2021-06-09,720.0,1.4962160697696163,20.977272727272727,3.2727272727272734,8.0,0,0.9,
TeamA-af719df9-3e6c-4ad4-9e8e-0c0c45f4f76a,A18,2021-06-17,560.0,0.9391655158296056,21.4375,2.8125,5.0,0,0.73,
TeamA-af719df9-3e6c-4ad4-9e8e-0c0c45f4f76a,A18,2021-06-22,720.0,1.4962160697696163,21.4375,11.8125,4.0,0,0.969,
TeamA-af719df9-3e6c-4ad4-9e8e-0c0c45f4f76a,A18,2021-06-30,900.0,2.122897942952128,21.693181818181817,2.5568181818181834,3.0,0,1.076,
TeamA-af719df9-3e6c-4ad4-9e8e-0c0c45f4f76a,A18,2021-08-04,560.0,0.9391655158296056,22.25,4.25,5.0,0,1.319,
TeamA-af719df9-3e6c-4ad4-9e8e-0c0c45f4f76a,A18,2021-08-18,630.0,1.1828751331783602,22.51923076923077,1.73076923076923,5.0,0,1.272,
TeamA-af719df9-3e6c-4ad4-9e8e-0c0c45f4f76a,A18,2021-08-21,1200.0,3.1673677315896476,23.03846153846154,1.21153846153846,2.0,0,1.672,
TeamA-af719df9-3e6c-4ad4-9e8e-0c0c45f4f76a,A18,2021-08-30,730.0,1.5310317293908668,23.125,1.125,2.0,0,1.083,
TeamA-af719df9-3e6c-4ad4-9e8e-0c0c45f4f76a,A18,2021-09-12,720.0,1.4962160697696163,21.740384615384617,0.25961538461538325,2.0,0,1.19,
TeamA-af719df9-3e6c-4ad4-9e8e-0c0c45f4f76a,A18,2021-10-03,810.0,1.809557006360872,20.083333333333332,1.9166666666666679,3.0,0,1.3,
TeamA-af719df9-3e6c-4ad4-9e8e-0c0c45f4f76a,A18,2021-10-19,570.0,0.9739811754508563,19.403846153846153,4.846153846153847,6.0,0,0.801,
TeamA-af719df9-3e6c-4ad4-9e8e-0c0c45f4f76a,A18,2021-11-01,1120.0,2.8888424546196423,19.403846153846153,0.3461538461538467,3.0,0,0.855,
TeamA-af719df9-3e6c-4ad4-9e8e-0c0c45f4f76a,A18,2021-11-04,540.0,0.8695341965871044,19.403846153846153,11.596153846153847,,1,1.311,
TeamA-af719df9-3e6c-4ad4-9e8e-0c0c45f4f76a,A18,2021-11-07,810.0,1.809557006360872,19.83653846153846,11.16346153846154,8.0,0,1.692,
TeamA-af719df9-3e6c-4ad4-9e8e-0c0c45f4f76a,A18,2021-11-11,830.0,1.8791883256033732,20.78846153846154,10.21153846153846,4.0,0,0.856,
TeamA-af719df9-3e6c-4ad4-9e8e-0c0c45f4f76a,A18,2021-11-16,630.0,1.1828751331783602,21.64,4.859999999999999,3.0,0,0.971,
TeamA-af719df9-3e6c-4ad4-9e8e-0c0c45f4f76a,A18,2021-12-15,790.0,1.7399256871183708,20.607142857142858,3.6428571428571423,4.0,0,1.678,
TeamA-af719df9-3e6c-4ad4-9e8e-0c0c45f4f76a,A18,2021-12-26,630.0,1.1828751331783602,20.5,1.5,2.0,0,1.313,
TeamA-affd6f1d-b364-4700-98bf-8f20896e5ac4,A19,2020-09-30,720.0,1.7274473287739327,16.75,5.25,,1,1.31,
TeamA-affd6f1d-b364-4700-98bf-8f20896e5ac4,A19,2020-10-14,810.0,2.0321356927418606,17.65,6.600000000000001,2.0,0,1.589,
TeamA-affd6f1d-b364-4700-98bf-8f20896e5ac4,A19,2020-10-26,450.0,0.8133822368701497,17.5,2.25,3.0,0,1.055,
TeamA-affd6f1d-b364-4700-98bf-8f20896e5ac4,A19,2020-10-28,850.0,2.167552743394273,17.38157894736842,0.11842105263157876,2.0,0,1.243,
TeamA-affd6f1d-b364-4700-98bf-8f20896e5ac4,A19,2020-11-02,660.0,1.5243217527953143,16.15,1.3500000000000014,2.0,0,1.157,
TeamA-affd6f1d-b364-4700-98bf-8f20896e5ac4,A19,2020-11-20,480.0,0.9149450248594589,12.284090909090908,9.715909090909092,,1,0.786,
TeamA-affd6f1d-b364-4700-98bf-8f20896e5ac4,A19,2020-11-23,600.0,1.3211961768166958,12.284090909090908,9.715909090909092,,1,0.955,
TeamA-affd6f1d-b364-4700-98bf-8f20896e5ac4,A19,2020-11-24,540.0,1.1180706008380774,12.590909090909092,9.409090909090908,,1,1.055,
TeamA-affd6f1d-b364-4700-98bf-8f20896e5ac4,A19,2020-11-25,450.0,0.8133822368701497,12.590909090909092,7.159090909090908,,1,1.185,
TeamA-affd6f1d-b364-4700-98bf-8f20896e5ac4,A19,2020-12-02,780.0,1.9305729047525513,13.107142857142858,11.142857142857142,,1,1.157,
TeamA-affd6f1d-b364-4700-98bf-8f20896e5ac4,A19,2021-01-26,630.0,1.422758964806005,14.852941176470589,9.397058823529411,2.0,0,1.176,
TeamA-affd6f1d-b364-4700-98bf-8f20896e5ac4,A19,2021-01-29,800.0,1.9982814300787575,14.8,7.199999999999999,3.0,0,0.997,
TeamA-affd6f1d-b364-4700-98bf-8f20896e5ac4,A19,2021-02-02,540.0,1.1180706008380774,15.152173913043478,6.8478260869565215,6.0,0,1.062,
TeamA-affd6f1d-b364-4700-98bf-8f20896e5ac4,A19,2021-02-03,840.0,2.13369848073117,14.96875,7.03125,5.0,0,1.085,
TeamA-affd6f1d-b364-4700-98bf-8f20896e5ac4,A19,2021-02-05,500.0,0.9826535501856651,15.163461538461538,6.836538461538462,3.0,0,1.032,
TeamA-affd6f1d-b364-4700-98bf-8f20896e5ac4,A19,2021-02-06,1080.0,2.9462007846456437,15.166666666666666,0.08333333333333393,2.0,0,1.298,
TeamA-affd6f1d-b364-4700-98bf-8f20896e5ac4,A19,2021-02-09,630.0,1.422758964806005,15.008928571428571,2.491071428571429,4.0,0,1.285,
TeamA-affd6f1d-b364-4700-98bf-8f20896e5ac4,A19,2021-02-13,990.0,2.641512420677716,14.666666666666666,7.333333333333334,7.0,0,1.093,
TeamA-affd6f1d-b364-4700-98bf-8f20896e5ac4,A19,2021-02-15,660.0,1.5243217527953143,15.0,4.75,5.0,0,1.108,
TeamA-affd6f1d-b364-4700-98bf-8f20896e5ac4,A19,2021-02-16,540.0,1.1180706008380774,15.083333333333334,4.666666666666666,4.0,0,1.073,
TeamA-affd6f1d-b364-4700-98bf-8f20896e5ac4,A19,2021-02-17,730.0,1.7613015914370358,15.25,4.5,3.0,0,1.051,
TeamA-affd6f1d-b364-4700-98bf-8f20896e5ac4,A19,2021-02-22,450.0,0.8133822368701497,15.942307692307692,3.8076923076923084,5.0,0,0.98,
TeamA-affd6f1d-b364-4700-98bf-8f20896e5ac4,A19,2021-03-02,540.0,1.1180706008380774,15.7,1.8000000000000007,3.0,0,0.65,
TeamA-affd6f1d-b364-4700-98bf-8f20896e5ac4,A19,2021-03-09,720.0,1.7274473287739327,15.4375,2.0625,2.0,0,1.069,
TeamA-affd6f1d-b364-4700-98bf-8f20896e5ac4,A19,2021-03-12,880.0,2.2691155313835822,15.0625,0.1875,3.0,0,1.139,
TeamA-affd6f1d-b364-4700-98bf-8f20896e5ac4,A19,2021-03-17,630.0,1.422758964806005,14.534090909090908,5.215909090909092,2.0,0,1.236,
TeamA-affd6f1d-b364-4700-98bf-8f20896e5ac4,A19,2021-03-23,480.0,0.9149450248594589,14.022727272727273,3.4772727272727266,2.0,0,0.767,
TeamA-affd6f1d-b364-4700-98bf-8f20896e5ac4,A19,2021-04-07,600.0,1.3211961768166958,13.107142857142858,4.392857142857142,3.0,0,0.748,
TeamA-affd6f1d-b364-4700-98bf-8f20896e5ac4,A19,2021-04-10,770.0,1.8967186420894482,13.511363636363637,1.7386363636363633,2.0,0,1.284,
TeamA-affd6f1d-b364-4700-98bf-8f20896e5ac4,A19,2021-04-12,600.0,1.3211961768166958,13.409090909090908,10.840909090909092,2.0,0,1.392,
TeamA-affd6f1d-b364-4700-98bf-8f20896e5ac4,A19,2021-04-14,780.0,1.9305729047525513,13.880434782608695,3.6195652173913047,2.0,0,1.418,
TeamA-affd6f1d-b364-4700-98bf-8f20896e5ac4,A19,2021-04-17,1080.0,2.9462007846456437,13.782608695652174,3.717391304347826,4.0,0,1.12,
TeamA-affd6f1d-b364-4700-98bf-8f20896e5ac4,A19,2021-05-01,800.0,1.9982814300787575,14.125,7.875,7.0,0,0.928,
TeamA-affd6f1d-b364-4700-98bf-8f20896e5ac4,A19,2021-05-17,1320.0,3.758703088560117,13.9,1.3499999999999996,3.0,0,1.184,
TeamA-affd6f1d-b364-4700-98bf-8f20896e5ac4,A19,2021-05-18,450.0,0.8133822368701497,14.0125,1.2375000000000007,2.0,0,1.146,
TeamA-affd6f1d-b364-4700-98bf-8f20896e5ac4,A19,2021-05-22,1080.0,2.9462007846456437,13.818181818181818,8.181818181818182,6.0,0,1.6,
TeamA-affd6f1d-b364-4700-98bf-8f20896e5ac4,A19,2021-05-25,720.0,1.7274473287739327,14.173913043478262,7.826086956521738,3.0,0,1.222,
TeamA-affd6f1d-b364-4700-98bf-8f20896e5ac4,A19,2021-05-26,840.0,2.13369848073117,14.173913043478262,7.826086956521738,2.0,0,1.264,
TeamA-affd6f1d-b364-4700-98bf-8f20896e5ac4,A19,2021-05-29,1080.0,2.9462007846456437,14.565217391304348,5.184782608695652,4.0,0,1.153,
TeamA-affd6f1d-b364-4700-98bf-8f20896e5ac4,A19,2021-06-16,640.0,1.4566132274691082,14.666666666666666,2.833333333333334,3.0,0,0.724,
TeamA-affd6f1d-b364-4700-98bf-8f20896e5ac4,A19,2021-06-22,1080.0,2.9462007846456437,15.0,2.5,2.0,0,1.532,
TeamA-affd6f1d-b364-4700-98bf-8f20896e5ac4,A19,2021-06-26,1080.0,2.9462007846456437,14.583333333333334,2.916666666666666,4.0,0,1.593,
TeamA-affd6f1d-b364-4700-98bf-8f20896e5ac4,A19,2021-06-30,1080.0,2.9462007846456437,14.384615384615385,5.365384615384615,3.0,0,1.351,
TeamA-affd6f1d-b364-4700-98bf-8f20896e5ac4,A19,2021-07-10,1080.0,2.9462007846456437,14.44,5.3100000000000005,2.0,0,1.141,
TeamA-affd6f1d-b364-4700-98bf-8f20896e5ac4,A19,2021-07-13,450.0,0.8133822368701497,14.64423076923077,0.60576923076923,3.0,0,0.963,
TeamA-affd6f1d-b364-4700-98bf-8f20896e5ac4,A19,2021-07-17,1080.0,2.9462007846456437,14.62,5.130000000000001,2.0,0,1.017,
TeamA-affd6f1d-b364-4700-98bf-8f20896e5ac4,A19,2021-07-30,810.0,2.0321356927418606,14.875,11.625,3.0,0,1.087,
TeamA-affd6f1d-b364-4700-98bf-8f20896e5ac4,A19,2021-08-07,1080.0,2.9462007846456437,15.445652173913043,6.554347826086957,5.0,0,1.526,
TeamA-affd6f1d-b364-4700-98bf-8f20896e5ac4,A19,2021-08-14,1200.0,3.3524519366028804,15.8125,8.4375,4.0,0,1.076,
TeamA-affd6f1d-b364-4700-98bf-8f20896e5ac4,A19,2021-08-18,1200.0,3.3524519366028804,16.42,7.829999999999998,5.0,0,1.346,
TeamA-affd6f1d-b364-4700-98bf-8f20896e5ac4,A19,2021-08-21,900.0,2.336824056709788,16.721153846153847,0.7788461538461533,2.0,0,1.134,
TeamA-affd6f1d-b364-4700-98bf-8f20896e5ac4,A19,2021-08-28,960.0,2.5399496326884066,16.666666666666668,3.083333333333332,6.0,0,0.701,
TeamA-affd6f1d-b364-4700-98bf-8f20896e5ac4,A19,2021-08-31,540.0,1.1180706008380774,16.416666666666668,1.0833333333333321,3.0,0,0.955,
TeamA-affd6f1d-b364-4700-98bf-8f20896e5ac4,A19,2021-09-01,890.0,2.302969794046685,16.548076923076923,0.9519230769230766,2.0,0,1.234,
TeamA-affd6f1d-b364-4700-98bf-8f20896e5ac4,A19,2021-09-04,1200.0,3.3524519366028804,16.75,3.0,3.0,0,1.349,
TeamA-affd6f1d-b364-4700-98bf-8f20896e5ac4,A19,2021-09-12,1080.0,2.9462007846456437,16.5,5.5,2.0,0,1.001,
TeamA-affd6f1d-b364-4700-98bf-8f20896e5ac4,A19,2021-09-20,540.0,1.1180706008380774,15.333333333333334,4.416666666666666,3.0,0,0.848,
TeamA-affd6f1d-b364-4700-98bf-8f20896e5ac4,A19,2021-09-25,1200.0,3.3524519366028804,15.916666666666666,3.833333333333334,4.0,0,1.039,
TeamA-affd6f1d-b364-4700-98bf-8f20896e5ac4,A19,2021-09-29,780.0,1.9305729047525513,15.916666666666666,1.583333333333334,2.0,0,1.278,
TeamA-affd6f1d-b364-4700-98bf-8f20896e5ac4,A19,2021-10-09,1080.0,2.9462007846456437,15.596153846153847,6.403846153846153,3.0,0,1.044,
TeamA-affd6f1d-b364-4700-98bf-8f20896e5ac4,A19,2021-10-16,630.0,1.422758964806005,15.71875,8.53125,3.0,0,0.72,
TeamA-affd6f1d-b364-4700-98bf-8f20896e5ac4,A19,2021-10-22,810.0,2.0321356927418606,15.0625,4.6875,2.0,0,0.912,
TeamA-affd6f1d-b364-4700-98bf-8f20896e5ac4,A19,2021-10-28,450.0,0.8133822368701497,14.89,0.35999999999999943,3.0,0,1.061,
TeamA-affd6f1d-b364-4700-98bf-8f20896e5ac4,A19,2021-11-02,450.0,0.8133822368701497,14.66304347826087,5.086956521739131,8.0,0,0.78,
TeamA-affd6f1d-b364-4700-98bf-8f20896e5ac4,A19,2021-11-07,960.0,2.5399496326884066,15.142857142857142,0.10714285714285765,3.0,0,1.23,
TeamA-b58af410-da77-479e-b93c-e03617b9f36d,A20,2020-04-04,720.0,1.6811601974208734,21.55,2.6999999999999993,2.0,0,1.551,
TeamA-b58af410-da77-479e-b93c-e03617b9f36d,A20,2020-04-15,560.0,1.0957298324274374,21.048076923076923,5.451923076923077,,1,0.694,
TeamA-b58af410-da77-479e-b93c-e03617b9f36d,A20,2020-05-13,900.0,2.339769358038489,22.865384615384617,3.6346153846153832,7.0,0,1.543,
TeamA-b58af410-da77-479e-b93c-e03617b9f36d,A20,2020-05-15,720.0,1.6811601974208734,23.125,3.375,5.0,0,1.628,
TeamA-b58af410-da77-479e-b93c-e03617b9f36d,A20,2020-05-25,600.0,1.2420874236757964,23.205357142857142,5.544642857142858,2.0,0,0.752,
TeamA-b58af410-da77-479e-b93c-e03617b9f36d,A20,2020-05-27,660.0,1.4616238105483348,23.366071428571427,5.383928571428573,3.0,0,0.937,
TeamA-b58af410-da77-479e-b93c-e03617b9f36d,A20,2020-06-09,800.0,1.9738753799175917,22.333333333333332,4.166666666666668,4.0,0,1.404,
TeamA-b58af410-da77-479e-b93c-e03617b9f36d,A20,2020-06-10,900.0,2.339769358038489,22.333333333333332,4.166666666666668,3.0,0,1.442,
TeamA-b58af410-da77-479e-b93c-e03617b9f36d,A20,2020-06-15,550.0,1.0591404346153477,22.166666666666668,2.083333333333332,3.0,0,1.337,
TeamA-b58af410-da77-479e-b93c-e03617b9f36d,A20,2020-06-16,700.0,1.6079814017966938,21.916666666666668,6.833333333333332,7.0,0,1.282,
TeamA-b58af410-da77-479e-b93c-e03617b9f36d,A20,2020-06-17,880.0,2.2665905624143097,21.916666666666668,6.833333333333332,6.0,0,1.198,
TeamA-b58af410-da77-479e-b93c-e03617b9f36d,A20,2020-06-29,540.0,1.0225510368032578,22.401785714285715,6.348214285714285,9.0,0,0.908,
TeamA-b58af410-da77-479e-b93c-e03617b9f36d,A20,2020-06-30,700.0,1.6079814017966938,22.642857142857142,6.107142857142858,8.0,0,0.931,
TeamA-b58af410-da77-479e-b93c-e03617b9f36d,A20,2020-07-03,810.0,2.0104647777296814,23.526785714285715,2.9732142857142847,5.0,0,0.93,
TeamA-b58af410-da77-479e-b93c-e03617b9f36d,A20,2020-07-08,700.0,1.6079814017966938,24.333333333333332,2.166666666666668,2.0,0,0.978,
TeamA-b58af410-da77-479e-b93c-e03617b9f36d,A20,2020-07-22,630.0,1.3518556171120657,24.166666666666668,2.333333333333332,2.0,0,0.944,
TeamA-b58af410-da77-479e-b93c-e03617b9f36d,A20,2020-07-25,720.0,1.6811601974208734,24.666666666666668,4.083333333333332,2.0,0,1.094,
TeamA-b58af410-da77-479e-b93c-e03617b9f36d,A20,2020-07-29,770.0,1.8641071864813221,24.583333333333332,6.416666666666668,8.0,0,1.017,
TeamA-b58af410-da77-479e-b93c-e03617b9f36d,A20,2020-07-30,700.0,1.6079814017966938,24.416666666666668,6.583333333333332,7.0,0,1.228,
TeamA-b58af410-da77-479e-b93c-e03617b9f36d,A20,2020-08-02,720.0,1.6811601974208734,24.333333333333332,6.666666666666668,4.0,0,1.282,
TeamA-b58af410-da77-479e-b93c-e03617b9f36d,A20,2020-08-16,900.0,2.339769358038489,24.916666666666668,3.833333333333332,3.0,0,1.155,
TeamA-b58af410-da77-479e-b93c-e03617b9f36d,A20,2020-08-21,720.0,1.6811601974208734,25.06,1.4400000000000013,3.0,0,1.223,
TeamA-b58af410-da77-479e-b93c-e03617b9f36d,A20,2020-08-30,810.0,2.0104647777296814,24.97,3.780000000000001,2.0,0,0.971,
TeamA-b58af410-da77-479e-b93c-e03617b9f36d,A20,2020-09-05,810.0,2.0104647777296814,24.53125,4.21875,3.0,0,1.289,
TeamA-b58af410-da77-479e-b93c-e03617b9f36d,A20,2020-10-04,810.0,2.0104647777296814,22.45,8.55,3.0,0,1.227,
TeamA-b58af410-da77-479e-b93c-e03617b9f36d,A20,2020-10-07,810.0,2.0104647777296814,22.72,3.780000000000001,5.0,0,1.152,
TeamA-b58af410-da77-479e-b93c-e03617b9f36d,A20,2020-10-23,540.0,1.0225510368032578,23.89,4.859999999999999,2.0,0,0.924,
TeamA-b58af410-da77-479e-b93c-e03617b9f36d,A20,2020-10-28,680.0,1.5348026061725144,23.990384615384617,2.5096153846153832,6.0,0,1.072,
TeamA-b58af410-da77-479e-b93c-e03617b9f36d,A20,2020-10-29,540.0,1.0225510368032578,23.990384615384617,2.5096153846153832,5.0,0,1.082,
TeamA-b58af410-da77-479e-b93c-e03617b9f36d,A20,2020-11-01,900.0,2.339769358038489,24.166666666666668,2.333333333333332,2.0,0,1.393,
TeamA-b58af410-da77-479e-b93c-e03617b9f36d,A20,2020-12-02,550.0,1.0591404346153477,22.97826086956522,3.5217391304347814,2.0,0,1.033,
TeamA-b58af410-da77-479e-b93c-e03617b9f36d,A20,2021-01-27,540.0,1.0225510368032578,24.16346153846154,6.83653846153846,5.0,0,1.41,
TeamA-b58af410-da77-479e-b93c-e03617b9f36d,A20,2021-02-01,720.0,1.6811601974208734,24.25,4.5,2.0,0,1.368,
TeamA-b58af410-da77-479e-b93c-e03617b9f36d,A20,2021-02-05,1080.0,2.9983785186561045,24.25,2.25,2.0,0,1.559,
TeamA-b58af410-da77-479e-b93c-e03617b9f36d,A20,2021-02-08,660.0,1.4616238105483348,24.682692307692307,1.8173076923076934,2.0,0,1.442,
TeamA-b58af410-da77-479e-b93c-e03617b9f36d,A20,2021-02-25,540.0,1.0225510368032578,25.0,1.5,4.0,0,0.796,
TeamA-b58af410-da77-479e-b93c-e03617b9f36d,A20,2021-03-15,600.0,1.2420874236757964,24.166666666666668,0.08333333333333215,2.0,0,1.029,
TeamA-b58af410-da77-479e-b93c-e03617b9f36d,A20,2021-03-27,630.0,1.3518556171120657,23.916666666666668,2.583333333333332,6.0,0,1.195,
TeamA-b58af410-da77-479e-b93c-e03617b9f36d,A20,2021-03-29,550.0,1.0591404346153477,23.75,2.75,4.0,0,1.13,
TeamA-b58af410-da77-479e-b93c-e03617b9f36d,A20,2021-04-07,540.0,1.0225510368032578,23.903846153846153,0.3461538461538467,3.0,0,0.545,
TeamA-b58af410-da77-479e-b93c-e03617b9f36d,A20,2021-04-10,700.0,1.6079814017966938,23.817307692307693,0.4326923076923066,7.0,0,1.07,
TeamA-b58af410-da77-479e-b93c-e03617b9f36d,A20,2021-04-12,660.0,1.4616238105483348,23.903846153846153,0.3461538461538467,5.0,0,1.218,
TeamA-b58af410-da77-479e-b93c-e03617b9f36d,A20,2021-04-14,700.0,1.6079814017966938,23.817307692307693,0.4326923076923066,3.0,0,1.296,
TeamA-b58af410-da77-479e-b93c-e03617b9f36d,A20,2021-04-17,640.0,1.3884450149241554,23.89,2.6099999999999994,9.0,0,1.138,
TeamA-b58af410-da77-479e-b93c-e03617b9f36d,A20,2021-04-28,630.0,1.3518556171120657,24.16,0.08999999999999986,6.0,0,1.094,
TeamA-b58af410-da77-479e-b93c-e03617b9f36d,A20,2021-05-10,500.0,0.8761934455548989,24.166666666666668,2.333333333333332,2.0,0,0.682,
TeamA-b58af410-da77-479e-b93c-e03617b9f36d,A20,2021-05-15,810.0,2.0104647777296814,24.169642857142858,2.3303571428571423,6.0,0,1.386,
TeamA-b58af410-da77-479e-b93c-e03617b9f36d,A20,2021-05-19,840.0,2.1202329711659504,24.169642857142858,2.3303571428571423,2.0,0,1.2,
TeamA-b58af410-da77-479e-b93c-e03617b9f36d,A20,2021-05-22,560.0,1.0957298324274374,24.25,2.25,2.0,0,1.11,
TeamA-b58af410-da77-479e-b93c-e03617b9f36d,A20,2021-05-29,810.0,2.0104647777296814,24.169642857142858,4.580357142857142,4.0,0,0.926,
TeamA-b58af410-da77-479e-b93c-e03617b9f36d,A20,2021-06-05,560.0,1.0957298324274374,24.089285714285715,0.1607142857142847,3.0,0,1.022,
TeamA-b58af410-da77-479e-b93c-e03617b9f36d,A20,2021-06-09,960.0,2.5593057449110277,23.928571428571427,0.32142857142857295,5.0,0,1.012,
TeamA-b58af410-da77-479e-b93c-e03617b9f36d,A20,2021-06-10,550.0,1.0591404346153477,23.928571428571427,0.32142857142857295,4.0,0,1.124,
TeamA-b58af410-da77-479e-b93c-e03617b9f36d,A20,2021-06-19,540.0,1.0225510368032578,23.384615384615383,0.8653846153846168,2.0,0,1.032,
TeamA-b58af410-da77-479e-b93c-e03617b9f36d,A20,2021-07-17,810.0,2.0104647777296814,23.767857142857142,2.7321428571428577,3.0,0,1.045,
TeamA-b58af410-da77-479e-b93c-e03617b9f36d,A20,2021-08-07,720.0,1.6811601974208734,24.169642857142858,0.08035714285714235,2.0,0,1.621,
TeamA-b58af410-da77-479e-b93c-e03617b9f36d,A20,2021-08-14,900.0,2.339769358038489,23.833333333333332,4.916666666666668,2.0,0,1.564,
TeamA-b58af410-da77-479e-b93c-e03617b9f36d,A20,2021-08-18,720.0,1.6811601974208734,24.166666666666668,4.583333333333332,8.0,0,1.358,
TeamA-b58af410-da77-479e-b93c-e03617b9f36d,A20,2021-08-21,1200.0,3.4374512924011817,24.25,4.5,4.0,0,1.282,
TeamA-b58af410-da77-479e-b93c-e03617b9f36d,A20,2021-08-28,700.0,1.6079814017966938,24.666666666666668,1.8333333333333321,3.0,0,0.803,
TeamA-b58af410-da77-479e-b93c-e03617b9f36d,A20,2021-09-01,540.0,1.0225510368032578,24.666666666666668,4.083333333333332,5.0,0,1.055,
TeamA-b58af410-da77-479e-b93c-e03617b9f36d,A20,2021-09-04,900.0,2.339769358038489,25.0,3.75,2.0,0,1.03,
TeamA-b58af410-da77-479e-b93c-e03617b9f36d,A20,2021-09-08,750.0,1.7909283908571427,25.583333333333332,0.9166666666666679,2.0,0,1.16,
TeamA-b58af410-da77-479e-b93c-e03617b9f36d,A20,2021-09-25,900.0,2.339769358038489,25.9375,2.8125,4.0,0,1.033,
TeamA-b58af410-da77-479e-b93c-e03617b9f36d,A20,2021-10-02,900.0,2.339769358038489,26.0,2.75,4.0,0,1.001,
TeamA-b58af410-da77-479e-b93c-e03617b9f36d,A20,2021-10-09,560.0,1.0957298324274374,25.916666666666668,2.833333333333332,3.0,0,0.712,
TeamA-b58af410-da77-479e-b93c-e03617b9f36d,A20,2021-10-27,950.0,2.522716347098938,24.833333333333332,3.916666666666668,3.0,0,0.915,
TeamA-b58af410-da77-479e-b93c-e03617b9f36d,A20,2021-11-04,540.0,1.0225510368032578,24.583333333333332,1.9166666666666679,2.0,0,1.14,
TeamA-b58af410-da77-479e-b93c-e03617b9f36d,A20,2021-12-02,700.0,1.6079814017966938,24.43,4.32,2.0,0,1.138,
TeamA-b58af410-da77-479e-b93c-e03617b9f36d,A20,2021-12-20,500.0,0.8761934455548989,24.43,2.0700000000000003,4.0,0,1.481,
TeamA-b58af410-da77-479e-b93c-e03617b9f36d,A20,2021-12-22,720.0,1.6811601974208734,24.61,1.8900000000000006,2.0,0,1.812,
TeamA-bcc03f81-2733-45d3-abf1-f7a709c63e68,A21,2020-06-02,1320.0,3.2800972722910746,26.897058823529413,1.852941176470587,4.0,0,1.125,
TeamA-bcc03f81-2733-45d3-abf1-f7a709c63e68,A21,2020-06-10,900.0,1.8845491104624033,26.875,1.875,2.0,0,0.81,
TeamA-bcc03f81-2733-45d3-abf1-f7a709c63e68,A21,2020-06-12,680.0,1.1535476923616708,27.25,8.25,8.0,0,0.934,
TeamA-bcc03f81-2733-45d3-abf1-f7a709c63e68,A21,2020-06-13,1150.0,2.7152325401223267,27.125,8.375,7.0,0,1.102,
TeamA-bcc03f81-2733-45d3-abf1-f7a709c63e68,A21,2020-06-24,960.0,2.083913133580785,28.125,0.625,2.0,0,0.77,
TeamA-bcc03f81-2733-45d3-abf1-f7a709c63e68,A21,2020-07-13,630.0,0.9874110064296862,26.2,2.5500000000000007,,1,1.188,
TeamA-bcc03f81-2733-45d3-abf1-f7a709c63e68,A21,2020-07-14,630.0,0.9874110064296862,25.857142857142858,2.8928571428571423,,1,1.016,
TeamA-bcc03f81-2733-45d3-abf1-f7a709c63e68,A21,2020-07-30,700.0,1.2200023667344646,26.017857142857142,4.982142857142858,10.0,0,0.921,
TeamA-bcc03f81-2733-45d3-abf1-f7a709c63e68,A21,2020-08-03,630.0,0.9874110064296862,26.95,1.8000000000000007,2.0,0,0.974,
TeamA-bcc03f81-2733-45d3-abf1-f7a709c63e68,A21,2020-08-12,630.0,0.9874110064296862,28.394736842105264,2.6052631578947363,3.0,0,0.861,
TeamA-bcc03f81-2733-45d3-abf1-f7a709c63e68,A21,2020-08-17,720.0,1.2864570411072584,28.75,4.5,3.0,0,1.004,
TeamA-bcc03f81-2733-45d3-abf1-f7a709c63e68,A21,2020-08-31,720.0,1.2864570411072584,28.0,3.0,5.0,0,0.848,
TeamA-bcc03f81-2733-45d3-abf1-f7a709c63e68,A21,2020-09-01,630.0,0.9874110064296862,27.916666666666668,3.083333333333332,4.0,0,0.939,
TeamA-bcc03f81-2733-45d3-abf1-f7a709c63e68,A21,2020-09-02,1020.0,2.2832771566991665,27.916666666666668,3.083333333333332,3.0,0,1.232,
TeamA-bcc03f81-2733-45d3-abf1-f7a709c63e68,A21,2020-09-07,630.0,0.9874110064296862,28.166666666666668,2.833333333333332,3.0,0,1.189,
TeamA-bcc03f81-2733-45d3-abf1-f7a709c63e68,A21,2020-10-13,630.0,0.9874110064296862,23.62,2.879999999999999,,1,1.088,
TeamA-bcc03f81-2733-45d3-abf1-f7a709c63e68,A21,2020-10-14,960.0,2.083913133580785,23.26,3.2399999999999984,,1,1.31,
TeamA-bcc03f81-2733-45d3-abf1-f7a709c63e68,A21,2020-10-21,900.0,1.8845491104624033,23.21875,3.28125,4.0,0,0.925,
TeamA-bcc03f81-2733-45d3-abf1-f7a709c63e68,A21,2020-12-02,720.0,1.2864570411072584,26.21875,4.78125,5.0,0,1.23,
TeamA-bcc03f81-2733-45d3-abf1-f7a709c63e68,A21,2021-02-13,900.0,1.8845491104624033,25.907894736842106,5.092105263157894,5.0,0,1.171,
TeamA-bcc03f81-2733-45d3-abf1-f7a709c63e68,A21,2021-02-20,1080.0,2.482641179817548,25.31578947368421,1.1842105263157912,2.0,0,0.993,
TeamA-bcc03f81-2733-45d3-abf1-f7a709c63e68,A21,2021-03-03,920.0,1.951003784835197,25.428571428571427,5.571428571428573,,1,1.057,
TeamA-bcc03f81-2733-45d3-abf1-f7a709c63e68,A21,2021-03-06,810.0,1.585503075784831,26.071428571428573,2.678571428571427,9.0,0,1.116,
TeamA-bcc03f81-2733-45d3-abf1-f7a709c63e68,A21,2021-03-09,630.0,0.9874110064296862,26.392857142857142,2.3571428571428577,6.0,0,1.095,
TeamA-bcc03f81-2733-45d3-abf1-f7a709c63e68,A21,2021-03-17,630.0,0.9874110064296862,26.05,4.949999999999999,,1,1.151,
TeamA-bcc03f81-2733-45d3-abf1-f7a709c63e68,A21,2021-03-23,630.0,0.9874110064296862,26.36764705882353,4.632352941176471,,1,0.977,
TeamA-bcc03f81-2733-45d3-abf1-f7a709c63e68,A21,2021-03-24,1200.0,2.881369226054311,26.375,4.625,,1,1.081,
TeamA-bcc03f81-2733-45d3-abf1-f7a709c63e68,A21,2021-04-12,840.0,1.6851850873440217,26.359375,2.390625,5.0,0,1.24,
TeamA-bcc03f81-2733-45d3-abf1-f7a709c63e68,A21,2021-05-11,720.0,1.2864570411072584,25.970588235294116,0.529411764705884,2.0,0,1.267,
TeamA-bcc03f81-2733-45d3-abf1-f7a709c63e68,A21,2021-05-17,630.0,0.9874110064296862,25.441176470588236,3.3088235294117645,4.0,0,1.071,
TeamA-bcc03f81-2733-45d3-abf1-f7a709c63e68,A21,2021-05-18,630.0,0.9874110064296862,25.044117647058822,1.4558823529411775,3.0,0,1.04,
TeamA-bcc03f81-2733-45d3-abf1-f7a709c63e68,A21,2021-05-24,630.0,0.9874110064296862,24.671875,4.078125,4.0,0,1.007,
TeamA-bcc03f81-2733-45d3-abf1-f7a709c63e68,A21,2021-05-31,630.0,0.9874110064296862,24.85,1.6499999999999986,2.0,0,0.406,
TeamA-bcc03f81-2733-45d3-abf1-f7a709c63e68,A21,2021-06-08,630.0,0.9874110064296862,24.605263157894736,4.144736842105264,8.0,0,1.127,
TeamA-bcc03f81-2733-45d3-abf1-f7a709c63e68,A21,2021-06-09,1050.0,2.3829591682583575,24.7,4.050000000000001,7.0,0,1.138,
TeamA-bcc03f81-2733-45d3-abf1-f7a709c63e68,A21,2021-06-14,1170.0,2.7816872144951206,25.0,3.75,2.0,0,1.175,
TeamA-bcc03f81-2733-45d3-abf1-f7a709c63e68,A21,2021-06-20,980.0,2.150367807953579,25.55263157894737,3.19736842105263,4.0,0,1.448,
TeamA-bcc03f81-2733-45d3-abf1-f7a709c63e68,A21,2021-07-05,790.0,1.5190484014120371,25.717391304347824,3.0326086956521756,,1,0.845,
TeamA-bcc03f81-2733-45d3-abf1-f7a709c63e68,A21,2021-07-10,630.0,0.9874110064296862,26.03125,2.71875,6.0,0,1.103,
TeamA-bcc03f81-2733-45d3-abf1-f7a709c63e68,A21,2021-07-14,810.0,1.585503075784831,25.98076923076923,0.51923076923077,2.0,0,1.174,
TeamA-bcc03f81-2733-45d3-abf1-f7a709c63e68,A21,2021-07-17,800.0,1.552275738598434,25.833333333333332,0.6666666666666679,2.0,0,1.157,
TeamA-bcc03f81-2733-45d3-abf1-f7a709c63e68,A21,2021-09-01,1020.0,2.2832771566991665,24.732142857142858,1.7678571428571423,4.0,0,1.299,
TeamA-bcc03f81-2733-45d3-abf1-f7a709c63e68,A21,2021-09-06,630.0,0.9874110064296862,24.973214285714285,3.7767857142857153,2.0,0,1.328,
TeamA-bcc03f81-2733-45d3-abf1-f7a709c63e68,A21,2021-09-08,930.0,1.984231122021594,25.133928571428573,3.616071428571427,6.0,0,1.243,
TeamA-bcc03f81-2733-45d3-abf1-f7a709c63e68,A21,2021-09-09,630.0,0.9874110064296862,25.133928571428573,3.616071428571427,5.0,0,1.355,
TeamA-bcc03f81-2733-45d3-abf1-f7a709c63e68,A21,2021-09-14,630.0,0.9874110064296862,25.5,1.0,2.0,0,1.218,
TeamA-bcc03f81-2733-45d3-abf1-f7a709c63e68,A21,2021-09-20,630.0,0.9874110064296862,25.583333333333332,3.166666666666668,4.0,0,1.218,
TeamA-bcc03f81-2733-45d3-abf1-f7a709c63e68,A21,2021-09-22,750.0,1.3861390526664492,25.416666666666668,3.333333333333332,2.0,0,1.105,
TeamA-bcc03f81-2733-45d3-abf1-f7a709c63e68,A21,2021-09-29,1050.0,2.3829591682583575,25.25,1.25,2.0,0,0.845,
TeamA-bcc03f81-2733-45d3-abf1-f7a709c63e68,A21,2021-10-02,720.0,1.2864570411072584,24.916666666666668,6.083333333333332,2.0,0,0.985,
TeamA-bcc03f81-2733-45d3-abf1-f7a709c63e68,A21,2021-10-06,1080.0,2.482641179817548,24.916666666666668,1.5833333333333321,2.0,0,0.98,
TeamA-bcc03f81-2733-45d3-abf1-f7a709c63e68,A21,2021-10-27,990.0,2.1835951451399755,24.16,0.08999999999999986,2.0,0,1.187,
TeamA-c4ccf1a6-48c3-4a17-8d6c-eedd12e8680e,A22,2020-05-16,700.0,1.9229975400093426,20.125,1.875,3.0,0,1.079,
TeamA-c4ccf1a6-48c3-4a17-8d6c-eedd12e8680e,A22,2020-05-24,480.0,1.1132348619325643,19.63157894736842,0.11842105263157876,2.0,0,1.292,
TeamA-c4ccf1a6-48c3-4a17-8d6c-eedd12e8680e,A22,2020-06-03,700.0,1.9229975400093426,18.035714285714285,1.7142857142857153,3.0,0,0.976,
TeamA-c4ccf1a6-48c3-4a17-8d6c-eedd12e8680e,A22,2020-06-06,800.0,2.2910714845896964,17.275,0.22500000000000142,2.0,0,1.601,
TeamA-c4ccf1a6-48c3-4a17-8d6c-eedd12e8680e,A22,2020-06-12,630.0,1.665345778803095,15.641304347826088,6.358695652173912,3.0,0,1.368,
TeamA-c4ccf1a6-48c3-4a17-8d6c-eedd12e8680e,A22,2020-06-13,800.0,2.2910714845896964,15.73913043478261,1.7608695652173907,2.0,0,1.356,
TeamA-c4ccf1a6-48c3-4a17-8d6c-eedd12e8680e,A22,2020-06-16,600.0,1.5549235954289888,15.347826086956522,6.6521739130434785,3.0,0,1.197,
TeamA-c4ccf1a6-48c3-4a17-8d6c-eedd12e8680e,A22,2020-06-17,880.0,2.5855306402539795,15.152173913043478,6.8478260869565215,2.0,0,1.075,
TeamA-c4ccf1a6-48c3-4a17-8d6c-eedd12e8680e,A22,2020-06-22,450.0,1.0028126785584581,15.509615384615385,8.740384615384615,4.0,0,0.932,
TeamA-c4ccf1a6-48c3-4a17-8d6c-eedd12e8680e,A22,2020-06-23,920.0,2.732760218086121,15.336538461538462,8.913461538461538,3.0,0,0.998,
TeamA-c4ccf1a6-48c3-4a17-8d6c-eedd12e8680e,A22,2020-06-24,840.0,2.438301062421838,15.509615384615385,8.740384615384615,2.0,0,0.986,
TeamA-c4ccf1a6-48c3-4a17-8d6c-eedd12e8680e,A22,2020-07-25,630.0,1.665345778803095,16.25,8.0,4.0,0,0.827,
TeamA-c4ccf1a6-48c3-4a17-8d6c-eedd12e8680e,A22,2020-08-16,720.0,1.9966123289254134,17.725,2.0249999999999986,2.0,0,1.803,
TeamA-c4ccf1a6-48c3-4a17-8d6c-eedd12e8680e,A22,2020-08-26,630.0,1.665345778803095,17.108695652173914,0.39130434782608603,2.0,0,1.22,
TeamA-c4ccf1a6-48c3-4a17-8d6c-eedd12e8680e,A22,2020-09-02,630.0,1.665345778803095,16.75,3.0,2.0,0,1.033,
TeamA-c4ccf1a6-48c3-4a17-8d6c-eedd12e8680e,A22,2020-09-05,810.0,2.327878879047732,16.477272727272727,7.772727272727273,2.0,0,1.342,
TeamA-c4ccf1a6-48c3-4a17-8d6c-eedd12e8680e,A22,2020-09-08,680.0,1.849382751093272,16.6,0.8999999999999986,2.0,0,1.183,
TeamA-c4ccf1a6-48c3-4a17-8d6c-eedd12e8680e,A22,2020-09-12,720.0,1.9966123289254134,16.69,9.809999999999999,3.0,0,1.034,
TeamA-c4ccf1a6-48c3-4a17-8d6c-eedd12e8680e,A22,2021-04-07,870.0,2.5487232457959443,13.703125,8.296875,,1,0.628,
TeamA-c4ccf1a6-48c3-4a17-8d6c-eedd12e8680e,A22,2021-04-08,400.0,0.8187757062682811,13.84375,8.15625,,1,0.767,
TeamA-c4ccf1a6-48c3-4a17-8d6c-eedd12e8680e,A22,2021-04-09,700.0,1.9229975400093426,14.191176470588236,7.8088235294117645,,1,1.019,
TeamA-c4ccf1a6-48c3-4a17-8d6c-eedd12e8680e,A22,2021-04-10,730.0,2.0334197233834486,14.323529411764707,7.6764705882352935,10.0,0,1.275,
TeamA-d7299614-fa73-4f69-b5e9-f913e3154ff6,A24,2020-03-31,760.0,1.8818535401375103,22.642857142857142,3.8571428571428577,3.0,0,1.43,
TeamA-d7299614-fa73-4f69-b5e9-f913e3154ff6,A24,2020-04-13,480.0,0.8806115786211453,22.81,3.6900000000000013,7.0,0,1.074,
TeamA-d7299614-fa73-4f69-b5e9-f913e3154ff6,A24,2020-04-14,500.0,0.9521288615865998,22.692307692307693,3.8076923076923066,6.0,0,1.155,
TeamA-d7299614-fa73-4f69-b5e9-f913e3154ff6,A24,2020-04-15,600.0,1.309715276413873,22.778846153846153,3.7211538461538467,5.0,0,1.17,
TeamA-d7299614-fa73-4f69-b5e9-f913e3154ff6,A24,2020-05-06,810.0,2.060646747551147,21.90625,2.34375,3.0,0,0.977,
TeamA-d7299614-fa73-4f69-b5e9-f913e3154ff6,A24,2020-05-13,710.0,1.7030603327238736,21.91346153846154,2.33653846153846,2.0,0,0.89,
TeamA-d7299614-fa73-4f69-b5e9-f913e3154ff6,A24,2020-05-15,810.0,2.060646747551147,21.653846153846153,0.3461538461538467,3.0,0,0.984,
TeamA-d7299614-fa73-4f69-b5e9-f913e3154ff6,A24,2020-05-26,670.0,1.5600257667929642,19.916666666666668,4.333333333333332,3.0,0,1.153,
TeamA-d7299614-fa73-4f69-b5e9-f913e3154ff6,A24,2020-05-29,780.0,1.953370823102965,20.232142857142858,1.7678571428571423,3.0,0,1.191,
TeamA-d7299614-fa73-4f69-b5e9-f913e3154ff6,A24,2020-06-01,900.0,2.3824745208956926,20.583333333333332,5.916666666666668,3.0,0,1.26,
TeamA-d7299614-fa73-4f69-b5e9-f913e3154ff6,A24,2020-06-02,720.0,1.7388189742066007,20.416666666666668,6.083333333333332,2.0,0,1.231,
TeamA-d7299614-fa73-4f69-b5e9-f913e3154ff6,A24,2020-06-04,940.0,2.525509086826602,20.75,1.25,3.0,0,1.303,
TeamA-d7299614-fa73-4f69-b5e9-f913e3154ff6,A24,2020-06-10,920.0,2.4539918038611472,20.416666666666668,3.833333333333332,3.0,0,1.134,
TeamA-d7299614-fa73-4f69-b5e9-f913e3154ff6,A24,2020-06-16,600.0,1.309715276413873,20.442307692307693,8.307692307692307,2.0,0,1.084,
TeamA-d7299614-fa73-4f69-b5e9-f913e3154ff6,A24,2020-06-24,800.0,2.0248881060684196,21.1,0.8999999999999986,2.0,0,0.979,
TeamA-d7299614-fa73-4f69-b5e9-f913e3154ff6,A24,2020-07-11,630.0,1.4169912008620549,18.77173913043478,5.478260869565219,6.0,0,1.073,
TeamA-d7299614-fa73-4f69-b5e9-f913e3154ff6,A24,2020-07-13,490.0,0.9163702201038725,18.967391304347824,3.0326086956521756,4.0,0,0.989,
TeamA-d7299614-fa73-4f69-b5e9-f913e3154ff6,A24,2020-07-14,540.0,1.095163427517509,19.0,3.0,3.0,0,1.152,
TeamA-d7299614-fa73-4f69-b5e9-f913e3154ff6,A24,2020-07-15,720.0,1.7388189742066007,19.0,0.75,2.0,0,1.262,
TeamA-d7299614-fa73-4f69-b5e9-f913e3154ff6,A24,2020-07-26,900.0,2.3824745208956926,18.931818181818183,0.8181818181818166,4.0,0,0.738,
TeamA-d7299614-fa73-4f69-b5e9-f913e3154ff6,A24,2020-08-02,900.0,2.3824745208956926,18.829545454545453,3.1704545454545467,6.0,0,1.045,
TeamA-d7299614-fa73-4f69-b5e9-f913e3154ff6,A24,2020-08-05,780.0,1.953370823102965,19.46875,2.53125,3.0,0,1.176,
TeamA-d7299614-fa73-4f69-b5e9-f913e3154ff6,A24,2020-08-15,1000.0,2.740060935722966,20.141304347826086,6.358695652173914,9.0,0,1.202,
TeamA-d7299614-fa73-4f69-b5e9-f913e3154ff6,A24,2020-08-19,870.0,2.2751985964475105,20.630434782608695,1.3695652173913047,5.0,0,1.123,
TeamA-d7299614-fa73-4f69-b5e9-f913e3154ff6,A24,2020-08-26,900.0,2.3824745208956926,20.74,8.010000000000002,2.0,0,0.768,
TeamA-d7299614-fa73-4f69-b5e9-f913e3154ff6,A24,2020-08-30,900.0,2.3824745208956926,21.37,2.879999999999999,2.0,0,1.103,
TeamA-d7299614-fa73-4f69-b5e9-f913e3154ff6,A24,2020-09-05,900.0,2.3824745208956926,21.46,7.289999999999999,4.0,0,1.157,
TeamA-d7299614-fa73-4f69-b5e9-f913e3154ff6,A24,2020-09-10,630.0,1.4169912008620549,22.18,6.57,4.0,0,1.054,
TeamA-d7299614-fa73-4f69-b5e9-f913e3154ff6,A24,2020-09-12,900.0,2.3824745208956926,22.27,6.48,2.0,0,1.02,
TeamA-d7299614-fa73-4f69-b5e9-f913e3154ff6,A24,2020-10-03,900.0,2.3824745208956926,21.05263157894737,5.44736842105263,4.0,0,0.867,
TeamA-d7299614-fa73-4f69-b5e9-f913e3154ff6,A24,2020-10-07,800.0,2.0248881060684196,20.875,5.625,6.0,0,1.171,
TeamA-d7299614-fa73-4f69-b5e9-f913e3154ff6,A24,2020-10-13,540.0,1.095163427517509,20.875,1.125,2.0,0,1.057,
TeamA-d7299614-fa73-4f69-b5e9-f913e3154ff6,A24,2020-10-18,810.0,2.060646747551147,21.125,5.375,5.0,0,1.282,
TeamA-d7299614-fa73-4f69-b5e9-f913e3154ff6,A24,2020-10-23,630.0,1.4169912008620549,22.0,2.25,2.0,0,1.463,
TeamA-d7299614-fa73-4f69-b5e9-f913e3154ff6,A24,2020-10-26,720.0,1.7388189742066007,21.88157894736842,2.3684210526315788,,1,1.381,
TeamA-d7299614-fa73-4f69-b5e9-f913e3154ff6,A24,2020-10-27,600.0,1.309715276413873,21.88157894736842,2.3684210526315788,,1,1.251,
TeamA-d7299614-fa73-4f69-b5e9-f913e3154ff6,A24,2020-11-11,540.0,1.095163427517509,21.897727272727273,0.10227272727272663,2.0,0,1.04,
TeamA-d7299614-fa73-4f69-b5e9-f913e3154ff6,A24,2021-01-06,570.0,1.202439351965691,21.28409090909091,7.46590909090909,3.0,0,1.353,
TeamA-d7299614-fa73-4f69-b5e9-f913e3154ff6,A24,2021-01-07,660.0,1.524267125310237,21.217391304347824,0.7826086956521756,2.0,0,1.499,
TeamA-d7299614-fa73-4f69-b5e9-f913e3154ff6,A24,2021-01-11,480.0,0.8806115786211453,21.82,4.68,3.0,0,1.2,
TeamA-d7299614-fa73-4f69-b5e9-f913e3154ff6,A24,2021-01-15,720.0,1.7388189742066007,22.346153846153847,1.9038461538461533,2.0,0,1.091,
TeamA-d7299614-fa73-4f69-b5e9-f913e3154ff6,A24,2021-01-18,540.0,1.095163427517509,22.173076923076923,2.0769230769230766,2.0,0,1.117,
TeamA-d7299614-fa73-4f69-b5e9-f913e3154ff6,A24,2021-02-05,540.0,1.095163427517509,22.08653846153846,2.16346153846154,3.0,0,0.915,
TeamA-d7299614-fa73-4f69-b5e9-f913e3154ff6,A24,2021-02-06,1020.0,2.8115782186884206,22.0,2.25,2.0,0,1.205,
TeamA-d7299614-fa73-4f69-b5e9-f913e3154ff6,A24,2021-02-15,570.0,1.202439351965691,21.653846153846153,0.3461538461538467,3.0,0,0.997,
TeamA-d7299614-fa73-4f69-b5e9-f913e3154ff6,A24,2021-02-16,630.0,1.4169912008620549,21.826923076923077,0.17307692307692335,2.0,0,1.093,
TeamA-d7299614-fa73-4f69-b5e9-f913e3154ff6,A24,2021-02-21,700.0,1.6673016912411462,21.48076923076923,5.01923076923077,5.0,0,1.111,
TeamA-d7299614-fa73-4f69-b5e9-f913e3154ff6,A24,2021-03-01,540.0,1.095163427517509,21.39423076923077,2.85576923076923,6.0,0,0.626,
TeamA-d7299614-fa73-4f69-b5e9-f913e3154ff6,A24,2021-03-02,540.0,1.095163427517509,21.39423076923077,2.85576923076923,5.0,0,0.722,
TeamA-d7299614-fa73-4f69-b5e9-f913e3154ff6,A24,2021-03-05,1120.0,3.1691646335156936,21.64,2.6099999999999994,2.0,0,1.251,
TeamA-d7299614-fa73-4f69-b5e9-f913e3154ff6,A24,2021-03-10,720.0,1.7388189742066007,21.46,0.5399999999999991,3.0,0,1.05,
TeamA-d7299614-fa73-4f69-b5e9-f913e3154ff6,A24,2021-03-13,490.0,0.9163702201038725,21.28,2.969999999999999,4.0,0,0.73,
TeamA-d7299614-fa73-4f69-b5e9-f913e3154ff6,A24,2021-03-14,480.0,0.8806115786211453,21.28,0.7199999999999989,3.0,0,0.881,
TeamA-d7299614-fa73-4f69-b5e9-f913e3154ff6,A24,2021-03-17,1020.0,2.8115782186884206,21.46,5.039999999999999,7.0,0,0.977,
TeamA-d7299614-fa73-4f69-b5e9-f913e3154ff6,A24,2021-03-18,630.0,1.4169912008620549,21.37,5.129999999999999,6.0,0,1.073,
TeamA-d7299614-fa73-4f69-b5e9-f913e3154ff6,A24,2021-03-19,540.0,1.095163427517509,21.46,5.039999999999999,5.0,0,1.214,
TeamA-d7299614-fa73-4f69-b5e9-f913e3154ff6,A24,2021-04-06,630.0,1.4169912008620549,20.6875,1.3125,2.0,0,0.772,
TeamA-d7299614-fa73-4f69-b5e9-f913e3154ff6,A24,2021-04-10,510.0,0.9878875030693272,20.875,5.625,,1,1.141,
TeamA-d7299614-fa73-4f69-b5e9-f913e3154ff6,A24,2021-04-12,630.0,1.4169912008620549,21.0625,5.4375,,1,1.243,
TeamA-d7299614-fa73-4f69-b5e9-f913e3154ff6,A24,2021-04-13,630.0,1.4169912008620549,21.0625,5.4375,,1,1.222,
TeamA-d7299614-fa73-4f69-b5e9-f913e3154ff6,A24,2021-04-14,740.0,1.8103362571720554,21.15625,5.34375,,1,1.165,
TeamA-d7299614-fa73-4f69-b5e9-f913e3154ff6,A24,2021-05-10,540.0,1.095163427517509,22.613636363636363,1.6363636363636367,2.0,0,0.742,
TeamA-d7299614-fa73-4f69-b5e9-f913e3154ff6,A24,2021-05-15,480.0,0.8806115786211453,22.0,4.5,4.0,0,1.142,
TeamA-d7299614-fa73-4f69-b5e9-f913e3154ff6,A24,2021-05-24,480.0,0.8806115786211453,21.740384615384617,2.5096153846153832,2.0,0,1.118,
TeamA-d7299614-fa73-4f69-b5e9-f913e3154ff6,A24,2021-06-01,740.0,1.8103362571720554,21.5,0.5,2.0,0,0.997,
TeamA-d7299614-fa73-4f69-b5e9-f913e3154ff6,A24,2021-06-05,720.0,1.7388189742066007,21.221153846153847,3.0288461538461533,4.0,0,0.932,
TeamA-d7299614-fa73-4f69-b5e9-f913e3154ff6,A24,2021-06-22,720.0,1.7388189742066007,20.392857142857142,6.107142857142858,4.0,0,1.112,
TeamA-d7299614-fa73-4f69-b5e9-f913e3154ff6,A24,2021-07-01,610.0,1.3454739178966004,20.977272727272727,7.772727272727273,,1,0.975,
TeamA-d7299614-fa73-4f69-b5e9-f913e3154ff6,A24,2021-07-05,900.0,2.3824745208956926,21.315217391304348,7.434782608695652,,1,0.82,
TeamA-e920ae60-5c4b-4597-be27-fc6876dcec33,A25,2020-04-19,560.0,1.324422662582169,20.875,1.125,3.0,0,0.943,
TeamA-e920ae60-5c4b-4597-be27-fc6876dcec33,A25,2020-05-29,800.0,2.175327968633422,22.482142857142858,1.7678571428571423,2.0,0,1.79,
TeamA-e920ae60-5c4b-4597-be27-fc6876dcec33,A25,2020-10-05,480.0,1.0407875605650845,21.678571428571427,0.32142857142857295,,1,1.063,
TeamA-e920ae60-5c4b-4597-be27-fc6876dcec33,A25,2021-02-05,870.0,2.4235086828983707,18.420454545454547,1.3295454545454533,2.0,0,1.233,
TeamA-e920ae60-5c4b-4597-be27-fc6876dcec33,A25,2021-02-08,890.0,2.494417458402642,18.4,3.6000000000000014,4.0,0,1.12,
TeamA-e920ae60-5c4b-4597-be27-fc6876dcec33,A25,2021-02-10,760.0,2.0335104176248797,18.10576923076923,3.89423076923077,2.0,0,1.097,
TeamA-e920ae60-5c4b-4597-be27-fc6876dcec33,A25,2021-02-12,720.0,1.8916928666163375,18.10576923076923,3.89423076923077,2.0,0,1.03,
TeamA-e920ae60-5c4b-4597-be27-fc6876dcec33,A25,2021-02-17,620.0,1.5371489890949823,17.59,2.16,2.0,0,0.911,
TeamA-e920ae60-5c4b-4597-be27-fc6876dcec33,A25,2021-02-19,640.0,1.6080577645992533,17.68,4.32,2.0,0,0.873,
TeamA-e920ae60-5c4b-4597-be27-fc6876dcec33,A25,2021-02-22,630.0,1.572603376847118,17.846153846153847,6.403846153846153,5.0,0,0.871,
TeamA-e920ae60-5c4b-4597-be27-fc6876dcec33,A25,2021-02-23,800.0,2.175327968633422,17.846153846153847,6.403846153846153,4.0,0,1.0,
TeamA-e920ae60-5c4b-4597-be27-fc6876dcec33,A25,2021-02-24,840.0,2.317145519641964,17.932692307692307,6.317307692307693,3.0,0,1.06,
TeamA-e920ae60-5c4b-4597-be27-fc6876dcec33,A25,2021-02-25,600.0,1.466240213590711,18.192307692307693,6.057692307692307,2.0,0,1.104,
TeamA-e920ae60-5c4b-4597-be27-fc6876dcec33,A25,2021-03-02,860.0,2.3880542951462354,18.916666666666668,3.083333333333332,2.0,0,1.091,
TeamA-e920ae60-5c4b-4597-be27-fc6876dcec33,A25,2021-03-04,490.0,1.07624194831722,19.083333333333332,2.916666666666668,4.0,0,0.976,
TeamA-e920ae60-5c4b-4597-be27-fc6876dcec33,A25,2021-03-05,630.0,1.572603376847118,19.166666666666668,2.833333333333332,3.0,0,1.074,
TeamA-e920ae60-5c4b-4597-be27-fc6876dcec33,A25,2021-03-12,720.0,1.8916928666163375,19.21,0.5399999999999991,3.0,0,0.829,
TeamA-e920ae60-5c4b-4597-be27-fc6876dcec33,A25,2021-03-15,720.0,1.8916928666163375,19.375,4.875,7.0,0,1.096,
TeamA-e920ae60-5c4b-4597-be27-fc6876dcec33,A25,2021-03-16,630.0,1.572603376847118,19.12,2.879999999999999,6.0,0,1.135,
TeamA-e920ae60-5c4b-4597-be27-fc6876dcec33,A25,2021-03-17,860.0,2.3880542951462354,19.3,2.6999999999999993,5.0,0,1.182,
TeamA-e920ae60-5c4b-4597-be27-fc6876dcec33,A25,2021-03-28,480.0,1.0407875605650845,19.03409090909091,5.21590909090909,3.0,0,1.055,
TeamA-e920ae60-5c4b-4597-be27-fc6876dcec33,A25,2021-04-09,680.0,1.7498753156077955,19.220588235294116,2.779411764705884,6.0,0,0.554,
TeamA-e920ae60-5c4b-4597-be27-fc6876dcec33,A25,2021-04-10,720.0,1.8916928666163375,18.875,3.125,5.0,0,0.789,
TeamA-e920ae60-5c4b-4597-be27-fc6876dcec33,A25,2021-04-13,650.0,1.643512152351389,19.485294117647058,0.264705882352942,2.0,0,1.307,
TeamA-e920ae60-5c4b-4597-be27-fc6876dcec33,A25,2021-04-16,640.0,1.6080577645992533,18.823529411764707,0.9264705882352935,2.0,0,1.387,
TeamA-e920ae60-5c4b-4597-be27-fc6876dcec33,A25,2021-04-19,1000.0,2.884415723676133,18.68421052631579,3.315789473684209,5.0,0,1.378,
TeamA-e920ae60-5c4b-4597-be27-fc6876dcec33,A25,2021-04-21,640.0,1.6080577645992533,18.68421052631579,3.315789473684209,3.0,0,1.358,
TeamA-e920ae60-5c4b-4597-be27-fc6876dcec33,A25,2021-05-05,560.0,1.324422662582169,18.125,1.625,2.0,0,0.884,
TeamA-e920ae60-5c4b-4597-be27-fc6876dcec33,A25,2021-05-13,480.0,1.0407875605650845,17.897058823529413,4.102941176470587,2.0,0,1.065,
TeamA-e920ae60-5c4b-4597-be27-fc6876dcec33,A25,2021-05-16,560.0,1.324422662582169,17.5,2.25,3.0,0,1.104,
TeamA-e920ae60-5c4b-4597-be27-fc6876dcec33,A25,2021-05-19,560.0,1.324422662582169,17.640625,4.359375,2.0,0,1.082,
TeamA-e920ae60-5c4b-4597-be27-fc6876dcec33,A25,2021-05-25,560.0,1.324422662582169,17.5,2.25,8.0,0,1.1,
TeamA-e920ae60-5c4b-4597-be27-fc6876dcec33,A25,2021-07-14,640.0,1.6080577645992533,19.964285714285715,2.0357142857142847,2.0,0,1.34,
TeamA-e920ae60-5c4b-4597-be27-fc6876dcec33,A25,2021-07-22,480.0,1.0407875605650845,19.34090909090909,2.65909090909091,3.0,0,1.016,
TeamA-e920ae60-5c4b-4597-be27-fc6876dcec33,A25,2021-07-30,560.0,1.324422662582169,18.8125,3.1875,3.0,0,0.943,
TeamA-e920ae60-5c4b-4597-be27-fc6876dcec33,A25,2021-08-02,800.0,2.175327968633422,18.90625,5.34375,4.0,0,0.982,
TeamA-e920ae60-5c4b-4597-be27-fc6876dcec33,A25,2021-08-03,490.0,1.07624194831722,18.85,5.399999999999999,3.0,0,1.139,
TeamA-e920ae60-5c4b-4597-be27-fc6876dcec33,A25,2021-08-04,720.0,1.8916928666163375,19.03,5.219999999999999,2.0,0,1.419,
TeamA-e920ae60-5c4b-4597-be27-fc6876dcec33,A25,2021-08-10,640.0,1.6080577645992533,19.75,2.25,2.0,0,0.96,
TeamA-e920ae60-5c4b-4597-be27-fc6876dcec33,A25,2021-08-12,480.0,1.0407875605650845,19.93,2.0700000000000003,3.0,0,0.911,
TeamA-e920ae60-5c4b-4597-be27-fc6876dcec33,A25,2021-08-16,720.0,1.8916928666163375,20.29,1.7100000000000009,2.0,0,0.926,
TeamA-e920ae60-5c4b-4597-be27-fc6876dcec33,A25,2021-08-25,480.0,1.0407875605650845,20.3125,3.9375,2.0,0,1.109,
TeamA-e920ae60-5c4b-4597-be27-fc6876dcec33,A25,2021-08-30,720.0,1.8916928666163375,20.151785714285715,4.098214285714285,4.0,0,1.305,
TeamA-e920ae60-5c4b-4597-be27-fc6876dcec33,A25,2021-08-31,720.0,1.8916928666163375,20.232142857142858,4.017857142857142,3.0,0,1.369,
TeamA-e920ae60-5c4b-4597-be27-fc6876dcec33,A25,2021-09-01,1060.0,3.097142050188946,20.151785714285715,4.098214285714285,2.0,0,1.552,
TeamA-e920ae60-5c4b-4597-be27-fc6876dcec33,A25,2021-09-08,900.0,2.5298718461547773,19.830357142857142,2.1696428571428577,2.0,0,1.073,
TeamA-e920ae60-5c4b-4597-be27-fc6876dcec33,A25,2021-09-11,540.0,1.253513887077898,19.75,6.75,7.0,0,1.253,
TeamA-e920ae60-5c4b-4597-be27-fc6876dcec33,A25,2021-09-14,560.0,1.324422662582169,19.75,6.75,4.0,0,0.883,
TeamA-e920ae60-5c4b-4597-be27-fc6876dcec33,A25,2021-09-15,720.0,1.8916928666163375,19.75,6.75,3.0,0,0.803,
TeamA-e920ae60-5c4b-4597-be27-fc6876dcec33,A25,2021-09-20,720.0,1.8916928666163375,20.38,1.620000000000001,2.0,0,0.854,
TeamA-e920ae60-5c4b-4597-be27-fc6876dcec33,A25,2021-09-26,540.0,1.253513887077898,20.65,1.3500000000000014,2.0,0,0.992,
TeamA-e920ae60-5c4b-4597-be27-fc6876dcec33,A25,2021-10-10,560.0,1.324422662582169,20.23913043478261,1.7608695652173907,2.0,0,1.177,
TeamA-e920ae60-5c4b-4597-be27-fc6876dcec33,A25,2021-10-19,640.0,1.6080577645992533,19.535714285714285,2.4642857142857153,,1,0.568,
TeamA-e920ae60-5c4b-4597-be27-fc6876dcec33,A25,2021-10-25,630.0,1.572603376847118,19.75,2.25,2.0,0,0.683,
TeamA-e920ae60-5c4b-4597-be27-fc6876dcec33,A25,2021-10-26,720.0,1.8916928666163375,19.61764705882353,2.382352941176471,,1,0.717,
TeamA-e920ae60-5c4b-4597-be27-fc6876dcec33,A25,2021-10-27,1020.0,2.955324499180404,19.75,2.25,2.0,0,1.109,
TeamA-ecdbd8ec-61a7-4131-97ec-3af76f621f65,A26,2020-04-18,1080.0,2.3171356648880668,22.883928571428573,1.366071428571427,2.0,0,1.295,
TeamA-ecdbd8ec-61a7-4131-97ec-3af76f621f65,A26,2020-04-29,650.0,1.0011740887515714,22.723214285714285,1.5267857142857153,2.0,0,0.971,
TeamA-ecdbd8ec-61a7-4131-97ec-3af76f621f65,A26,2020-05-15,1640.0,4.030946089623968,22.160714285714285,4.339285714285715,4.0,0,1.009,
TeamA-ecdbd8ec-61a7-4131-97ec-3af76f621f65,A26,2020-05-25,840.0,1.582645482858395,22.401785714285715,1.8482142857142847,4.0,0,0.897,
TeamA-ecdbd8ec-61a7-4131-97ec-3af76f621f65,A26,2020-05-26,700.0,1.1541928766744198,22.482142857142858,1.7678571428571423,3.0,0,0.893,
TeamA-ecdbd8ec-61a7-4131-97ec-3af76f621f65,A26,2020-05-27,660.0,1.0317778463361411,22.5625,1.6875,2.0,0,0.996,
TeamA-ecdbd8ec-61a7-4131-97ec-3af76f621f65,A26,2020-06-01,630.0,0.9399665735824322,22.723214285714285,1.5267857142857153,2.0,0,1.009,
TeamA-ecdbd8ec-61a7-4131-97ec-3af76f621f65,A26,2020-06-09,700.0,1.1541928766744198,22.5625,1.6875,3.0,0,1.004,
TeamA-ecdbd8ec-61a7-4131-97ec-3af76f621f65,A26,2020-06-10,1290.0,2.9598145741640294,22.642857142857142,1.6071428571428577,2.0,0,1.073,
TeamA-ecdbd8ec-61a7-4131-97ec-3af76f621f65,A26,2020-06-13,800.0,1.4602304525201164,22.723214285714285,3.7767857142857153,4.0,0,1.097,
TeamA-ecdbd8ec-61a7-4131-97ec-3af76f621f65,A26,2020-06-24,840.0,1.582645482858395,22.482142857142858,1.7678571428571423,2.0,0,0.746,
TeamA-ecdbd8ec-61a7-4131-97ec-3af76f621f65,A26,2020-07-03,900.0,1.766268028365813,22.723214285714285,1.5267857142857153,2.0,0,0.928,
TeamA-ecdbd8ec-61a7-4131-97ec-3af76f621f65,A26,2020-07-07,660.0,1.0317778463361411,22.883928571428573,1.366071428571427,2.0,0,0.819,
TeamA-ecdbd8ec-61a7-4131-97ec-3af76f621f65,A26,2020-07-25,900.0,1.766268028365813,21.919642857142858,0.08035714285714235,2.0,0,1.173,
TeamA-ecdbd8ec-61a7-4131-97ec-3af76f621f65,A26,2020-07-29,770.0,1.3684191797664074,21.758928571428573,0.24107142857142705,2.0,0,0.87,
TeamA-ecdbd8ec-61a7-4131-97ec-3af76f621f65,A26,2020-08-02,900.0,1.766268028365813,21.4375,2.8125,,1,0.995,
TeamA-ecdbd8ec-61a7-4131-97ec-3af76f621f65,A26,2020-08-05,720.0,1.215400391843559,21.517857142857142,2.7321428571428577,10.0,0,1.079,
TeamA-ecdbd8ec-61a7-4131-97ec-3af76f621f65,A26,2020-08-08,810.0,1.4908342101046859,21.758928571428573,0.24107142857142705,7.0,0,1.235,
TeamA-ecdbd8ec-61a7-4131-97ec-3af76f621f65,A26,2020-08-16,900.0,1.766268028365813,22.0,2.25,2.0,0,1.077,
TeamA-ecdbd8ec-61a7-4131-97ec-3af76f621f65,A26,2020-08-22,900.0,1.766268028365813,22.416666666666668,1.8333333333333321,3.0,0,1.18,
TeamA-ecdbd8ec-61a7-4131-97ec-3af76f621f65,A26,2020-08-30,810.0,1.4908342101046859,22.778846153846153,1.4711538461538467,7.0,0,0.901,
TeamA-ecdbd8ec-61a7-4131-97ec-3af76f621f65,A26,2020-09-03,660.0,1.0317778463361411,22.782608695652176,1.4673913043478244,3.0,0,1.06,
TeamA-ecdbd8ec-61a7-4131-97ec-3af76f621f65,A26,2020-09-09,720.0,1.215400391843559,22.75,1.5,4.0,0,1.333,
TeamA-ecdbd8ec-61a7-4131-97ec-3af76f621f65,A26,2020-09-21,630.0,0.9399665735824322,22.428571428571427,1.821428571428573,2.0,0,0.965,
TeamA-ecdbd8ec-61a7-4131-97ec-3af76f621f65,A26,2020-09-23,690.0,1.1235891190898502,22.40909090909091,1.84090909090909,2.0,0,0.909,
TeamA-ecdbd8ec-61a7-4131-97ec-3af76f621f65,A26,2020-10-14,850.0,1.6132492404429646,21.416666666666668,2.833333333333332,4.0,0,0.9,
TeamA-ecdbd8ec-61a7-4131-97ec-3af76f621f65,A26,2020-10-18,900.0,1.766268028365813,21.583333333333332,2.666666666666668,3.0,0,1.297,
TeamA-ecdbd8ec-61a7-4131-97ec-3af76f621f65,A26,2020-10-21,840.0,1.582645482858395,21.666666666666668,4.833333333333332,,1,1.2,
TeamA-ecdbd8ec-61a7-4131-97ec-3af76f621f65,A26,2020-10-23,1260.0,2.8680033014103206,21.5,5.0,,1,1.406,
TeamA-ecdbd8ec-61a7-4131-97ec-3af76f621f65,A26,2020-10-28,840.0,1.582645482858395,21.75,4.75,,1,1.246,
TeamA-ecdbd8ec-61a7-4131-97ec-3af76f621f65,A26,2020-11-01,810.0,1.4908342101046859,22.166666666666668,4.333333333333332,4.0,0,1.094,
TeamA-ecdbd8ec-61a7-4131-97ec-3af76f621f65,A26,2020-12-17,660.0,1.0317778463361411,22.401785714285715,1.8482142857142847,2.0,0,0.915,
TeamA-ecdbd8ec-61a7-4131-97ec-3af76f621f65,A26,2021-01-08,720.0,1.215400391843559,23.285714285714285,3.2142857142857153,3.0,0,1.353,
TeamA-ecdbd8ec-61a7-4131-97ec-3af76f621f65,A26,2021-01-11,840.0,1.582645482858395,23.767857142857142,2.7321428571428577,3.0,0,1.139,
TeamA-ecdbd8ec-61a7-4131-97ec-3af76f621f65,A26,2021-01-18,660.0,1.0317778463361411,23.767857142857142,0.48214285714285765,2.0,0,1.224,
TeamA-ecdbd8ec-61a7-4131-97ec-3af76f621f65,A26,2021-01-20,910.0,1.7968717859503824,23.848214285714285,0.4017857142857153,2.0,0,1.534,
TeamA-ecdbd8ec-61a7-4131-97ec-3af76f621f65,A26,2021-02-03,1020.0,2.1335131193806487,22.964285714285715,1.2857142857142847,4.0,0,1.145,
TeamA-ecdbd8ec-61a7-4131-97ec-3af76f621f65,A26,2021-02-09,630.0,0.9399665735824322,22.642857142857142,1.6071428571428577,3.0,0,1.198,
TeamA-ecdbd8ec-61a7-4131-97ec-3af76f621f65,A26,2021-02-10,1330.0,3.082229604502308,22.5625,1.6875,2.0,0,1.209,
TeamA-ecdbd8ec-61a7-4131-97ec-3af76f621f65,A26,2021-02-23,630.0,0.9399665735824322,22.401785714285715,1.8482142857142847,3.0,0,0.696,
TeamA-ecdbd8ec-61a7-4131-97ec-3af76f621f65,A26,2021-02-24,640.0,0.9705703311670019,22.482142857142858,1.7678571428571423,2.0,0,0.841,
TeamA-ecdbd8ec-61a7-4131-97ec-3af76f621f65,A26,2021-03-16,630.0,0.9399665735824322,22.36,1.8900000000000006,3.0,0,1.094,
TeamA-ecdbd8ec-61a7-4131-97ec-3af76f621f65,A26,2021-03-17,900.0,1.766268028365813,22.36,1.8900000000000006,2.0,0,1.141,
TeamA-ecdbd8ec-61a7-4131-97ec-3af76f621f65,A26,2021-03-22,630.0,0.9399665735824322,22.72,1.5300000000000011,7.0,0,1.078,
TeamA-ecdbd8ec-61a7-4131-97ec-3af76f621f65,A26,2021-04-07,630.0,0.9399665735824322,22.81,1.4400000000000013,4.0,0,0.686,
TeamA-ecdbd8ec-61a7-4131-97ec-3af76f621f65,A26,2021-04-17,810.0,1.4908342101046859,22.782608695652176,1.4673913043478244,3.0,0,1.185,
TeamA-ecdbd8ec-61a7-4131-97ec-3af76f621f65,A26,2021-05-01,900.0,1.766268028365813,22.346153846153847,1.9038461538461533,4.0,0,1.028,
TeamA-ecdbd8ec-61a7-4131-97ec-3af76f621f65,A26,2021-05-26,840.0,1.582645482858395,22.60576923076923,1.64423076923077,2.0,0,1.03,
TeamA-ecdbd8ec-61a7-4131-97ec-3af76f621f65,A26,2021-06-22,900.0,1.766268028365813,22.642857142857142,3.8571428571428577,2.0,0,0.942,
TeamA-ecdbd8ec-61a7-4131-97ec-3af76f621f65,A26,2021-07-04,900.0,1.766268028365813,22.401785714285715,4.098214285714285,3.0,0,0.984,
TeamA-ecdbd8ec-61a7-4131-97ec-3af76f621f65,A26,2021-07-14,630.0,0.9399665735824322,22.642857142857142,1.6071428571428577,2.0,0,1.077,
TeamA-ecdbd8ec-61a7-4131-97ec-3af76f621f65,A26,2021-07-17,900.0,1.766268028365813,22.803571428571427,5.946428571428573,2.0,0,1.186,
TeamA-ecdbd8ec-61a7-4131-97ec-3af76f621f65,A26,2021-07-30,900.0,1.766268028365813,22.916666666666668,5.833333333333332,2.0,0,1.316,
TeamA-ecdbd8ec-61a7-4131-97ec-3af76f621f65,A26,2021-08-21,1160.0,2.5619657255646238,23.0,5.75,2.0,0,1.242,
TeamA-ecdbd8ec-61a7-4131-97ec-3af76f621f65,A26,2021-10-06,800.0,1.4602304525201164,23.083333333333332,1.1666666666666679,5.0,0,0.771,
TeamA-ecdbd8ec-61a7-4131-97ec-3af76f621f65,A26,2021-10-16,640.0,0.9705703311670019,23.25,3.25,3.0,0,1.341,
TeamA-ecdbd8ec-61a7-4131-97ec-3af76f621f65,A26,2021-10-25,665.0,1.047079725128426,23.125,1.125,2.0,0,1.587,
TeamA-ecdbd8ec-61a7-4131-97ec-3af76f621f65,A26,2021-11-04,700.0,1.1541928766744198,22.883928571428573,1.366071428571427,2.0,0,1.261,
TeamA-ecdbd8ec-61a7-4131-97ec-3af76f621f65,A26,2021-11-07,810.0,1.4908342101046859,22.723214285714285,1.5267857142857153,3.0,0,1.288,
TeamA-ecdbd8ec-61a7-4131-97ec-3af76f621f65,A26,2021-12-08,630.0,0.9399665735824322,22.241071428571427,4.258928571428573,5.0,0,1.372,
TeamA-ecdbd8ec-61a7-4131-97ec-3af76f621f65,A26,2021-12-10,630.0,0.9399665735824322,22.401785714285715,1.8482142857142847,3.0,0,1.664,
TeamA-f20565cc-df22-46a7-aa97-af8ed00601d7,A27,2020-07-07,700.0,1.3078573441138714,23.446428571428573,3.053571428571427,3.0,0,1.315,
TeamA-f20565cc-df22-46a7-aa97-af8ed00601d7,A27,2020-07-08,800.0,1.5947938423722943,23.35,3.1499999999999986,2.0,0,1.605,
TeamA-f20565cc-df22-46a7-aa97-af8ed00601d7,A27,2020-07-13,630.0,1.1070017953329752,23.8,4.949999999999999,4.0,0,1.207,
TeamA-f20565cc-df22-46a7-aa97-af8ed00601d7,A27,2020-07-14,630.0,1.1070017953329752,23.821428571428573,4.928571428571427,3.0,0,1.093,
TeamA-f20565cc-df22-46a7-aa97-af8ed00601d7,A27,2020-07-15,960.0,2.0538922395857715,24.045454545454547,0.20454545454545325,2.0,0,1.052,
TeamA-f20565cc-df22-46a7-aa97-af8ed00601d7,A27,2020-07-29,880.0,1.8243430409790329,24.942307692307693,1.5576923076923066,3.0,0,0.856,
TeamA-f20565cc-df22-46a7-aa97-af8ed00601d7,A27,2020-07-30,720.0,1.365244643765556,24.88,1.620000000000001,2.0,0,1.105,
TeamA-f20565cc-df22-46a7-aa97-af8ed00601d7,A27,2020-08-05,630.0,1.1070017953329752,24.76923076923077,1.73076923076923,3.0,0,1.166,
TeamA-f20565cc-df22-46a7-aa97-af8ed00601d7,A27,2020-08-10,600.0,1.0209208458554482,24.682692307692307,4.067307692307693,5.0,0,0.882,
TeamA-f20565cc-df22-46a7-aa97-af8ed00601d7,A27,2020-08-12,740.0,1.4226319434172408,24.76923076923077,1.73076923076923,3.0,0,1.135,
TeamA-f20565cc-df22-46a7-aa97-af8ed00601d7,A27,2020-08-19,990.0,2.1399731890632983,24.79,1.7100000000000009,3.0,0,1.029,
TeamA-f20565cc-df22-46a7-aa97-af8ed00601d7,A27,2020-08-20,540.0,0.8487589469003944,24.79,1.7100000000000009,2.0,0,0.991,
TeamA-f20565cc-df22-46a7-aa97-af8ed00601d7,A27,2020-08-23,720.0,1.365244643765556,25.115384615384617,5.884615384615383,,1,1.16,
TeamA-f20565cc-df22-46a7-aa97-af8ed00601d7,A27,2020-08-31,1080.0,2.398216037495879,25.5,5.5,4.0,0,0.971,
TeamA-f20565cc-df22-46a7-aa97-af8ed00601d7,A27,2020-09-02,990.0,2.1399731890632983,26.0,0.5,2.0,0,1.122,
TeamA-f20565cc-df22-46a7-aa97-af8ed00601d7,A27,2020-09-07,540.0,0.8487589469003944,26.5,4.5,5.0,0,0.961,
TeamA-f20565cc-df22-46a7-aa97-af8ed00601d7,A27,2020-09-09,890.0,1.8530366908048752,26.583333333333332,2.166666666666668,3.0,0,1.095,
TeamA-f20565cc-df22-46a7-aa97-af8ed00601d7,A27,2020-09-21,640.0,1.1356954451588175,26.017857142857142,2.7321428571428577,2.0,0,1.043,
TeamA-f20565cc-df22-46a7-aa97-af8ed00601d7,A27,2020-09-28,720.0,1.365244643765556,25.696428571428573,7.553571428571427,3.0,0,0.71,
TeamA-f20565cc-df22-46a7-aa97-af8ed00601d7,A27,2020-09-29,720.0,1.365244643765556,25.696428571428573,5.303571428571427,2.0,0,0.932,
TeamA-f20565cc-df22-46a7-aa97-af8ed00601d7,A27,2020-10-14,1160.0,2.6277652361026176,24.416666666666668,2.083333333333332,2.0,0,1.566,
TeamA-f20565cc-df22-46a7-aa97-af8ed00601d7,A27,2020-10-21,930.0,1.9678112901082445,24.166666666666668,0.08333333333333215,4.0,0,0.793,
TeamA-f20565cc-df22-46a7-aa97-af8ed00601d7,A27,2020-10-26,540.0,0.8487589469003944,24.083333333333332,4.666666666666668,,1,0.963,
TeamA-f20565cc-df22-46a7-aa97-af8ed00601d7,A27,2020-10-27,600.0,1.0209208458554482,24.166666666666668,6.833333333333332,,1,1.119,
TeamA-f20565cc-df22-46a7-aa97-af8ed00601d7,A27,2020-10-28,800.0,1.5947938423722943,23.916666666666668,7.083333333333332,,1,1.108,
TeamA-f20565cc-df22-46a7-aa97-af8ed00601d7,A27,2020-11-02,990.0,2.1399731890632983,23.916666666666668,7.083333333333332,7.0,0,1.175,
TeamA-f20565cc-df22-46a7-aa97-af8ed00601d7,A27,2020-11-23,720.0,1.365244643765556,26.5,2.25,3.0,0,1.573,
TeamA-f20565cc-df22-46a7-aa97-af8ed00601d7,A27,2020-11-24,720.0,1.365244643765556,26.295454545454547,2.4545454545454533,2.0,0,1.683,
TeamA-f20565cc-df22-46a7-aa97-af8ed00601d7,A27,2020-12-01,540.0,0.8487589469003944,26.108695652173914,0.39130434782608603,2.0,0,1.192,
TeamA-f20565cc-df22-46a7-aa97-af8ed00601d7,A27,2021-01-25,540.0,0.8487589469003944,26.017857142857142,0.48214285714285765,4.0,0,2.121,
TeamA-f20565cc-df22-46a7-aa97-af8ed00601d7,A27,2021-01-26,720.0,1.365244643765556,26.05,0.4499999999999993,3.0,0,1.875,
TeamA-f20565cc-df22-46a7-aa97-af8ed00601d7,A27,2021-01-27,1140.0,2.570377936450933,26.078125,0.421875,2.0,0,1.678,
TeamA-f20565cc-df22-46a7-aa97-af8ed00601d7,A27,2021-01-29,1220.0,2.7999271350576715,26.125,2.625,3.0,0,1.55,
TeamA-f20565cc-df22-46a7-aa97-af8ed00601d7,A27,2021-02-03,1130.0,2.541684286625091,25.886363636363637,5.113636363636363,8.0,0,1.309,
TeamA-f20565cc-df22-46a7-aa97-af8ed00601d7,A27,2021-02-06,1200.0,2.742539835405987,25.87,5.129999999999999,5.0,0,1.114,
TeamA-f20565cc-df22-46a7-aa97-af8ed00601d7,A27,2021-02-08,820.0,1.652181142023979,26.083333333333332,2.666666666666668,3.0,0,1.19,
TeamA-f20565cc-df22-46a7-aa97-af8ed00601d7,A27,2021-02-09,630.0,1.1070017953329752,26.416666666666668,0.08333333333333215,2.0,0,1.165,
TeamA-f20565cc-df22-46a7-aa97-af8ed00601d7,A27,2021-02-16,540.0,0.8487589469003944,26.25,2.5,5.0,0,1.057,
TeamA-f20565cc-df22-46a7-aa97-af8ed00601d7,A27,2021-02-17,830.0,1.6808747918498212,26.416666666666668,0.08333333333333215,4.0,0,0.95,
TeamA-f20565cc-df22-46a7-aa97-af8ed00601d7,A27,2021-03-02,540.0,0.8487589469003944,24.892857142857142,6.107142857142858,,1,0.584,
TeamA-f20565cc-df22-46a7-aa97-af8ed00601d7,A27,2021-03-03,900.0,1.8817303406307175,24.651785714285715,6.348214285714285,,1,0.729,
TeamA-f20565cc-df22-46a7-aa97-af8ed00601d7,A27,2021-03-05,540.0,0.8487589469003944,24.8125,6.1875,9.0,0,0.959,
TeamA-f20565cc-df22-46a7-aa97-af8ed00601d7,A27,2021-03-06,1200.0,2.742539835405987,24.892857142857142,6.107142857142858,8.0,0,1.179,
TeamA-f20565cc-df22-46a7-aa97-af8ed00601d7,A27,2021-03-09,630.0,1.1070017953329752,24.8125,6.1875,5.0,0,1.148,
TeamA-f20565cc-df22-46a7-aa97-af8ed00601d7,A27,2021-03-10,540.0,0.8487589469003944,24.8125,6.1875,4.0,0,1.107,
TeamA-f20565cc-df22-46a7-aa97-af8ed00601d7,A27,2021-03-12,990.0,2.1399731890632983,24.973214285714285,6.026785714285715,2.0,0,1.277,
TeamA-f20565cc-df22-46a7-aa97-af8ed00601d7,A27,2021-03-16,630.0,1.1070017953329752,24.916666666666668,1.5833333333333321,3.0,0,1.04,
TeamA-f20565cc-df22-46a7-aa97-af8ed00601d7,A27,2021-03-19,810.0,1.6234874921981366,24.85576923076923,3.89423076923077,2.0,0,0.985,
TeamA-f20565cc-df22-46a7-aa97-af8ed00601d7,A27,2021-03-24,1100.0,2.4556033371475636,25.15,3.6000000000000014,3.0,0,0.979,
TeamA-f20565cc-df22-46a7-aa97-af8ed00601d7,A27,2021-03-27,1000.0,2.168666838889141,26.05,2.6999999999999993,2.0,0,1.001,
TeamA-f20565cc-df22-46a7-aa97-af8ed00601d7,A27,2021-04-06,720.0,1.365244643765556,26.392857142857142,4.607142857142858,6.0,0,0.452,
TeamA-f20565cc-df22-46a7-aa97-af8ed00601d7,A27,2021-04-07,720.0,1.365244643765556,26.392857142857142,2.3571428571428577,5.0,0,0.712,
TeamA-f20565cc-df22-46a7-aa97-af8ed00601d7,A27,2021-04-12,770.0,1.5087128928947675,26.714285714285715,6.535714285714285,3.0,0,1.331,
TeamA-f20565cc-df22-46a7-aa97-af8ed00601d7,A27,2021-04-13,540.0,0.8487589469003944,26.392857142857142,2.3571428571428577,4.0,0,1.275,
TeamA-f20565cc-df22-46a7-aa97-af8ed00601d7,A27,2021-04-20,1050.0,2.312135088018352,26.6125,4.387499999999999,2.0,0,1.172,
TeamA-f20565cc-df22-46a7-aa97-af8ed00601d7,A27,2021-04-26,630.0,1.1070017953329752,26.714285714285715,2.0357142857142847,2.0,0,1.306,
TeamA-f20565cc-df22-46a7-aa97-af8ed00601d7,A27,2021-05-11,630.0,1.1070017953329752,26.891304347826086,1.858695652173914,2.0,0,0.571,
TeamA-f20565cc-df22-46a7-aa97-af8ed00601d7,A27,2021-05-24,630.0,1.1070017953329752,27.25,6.0,4.0,0,1.361,
TeamA-f20565cc-df22-46a7-aa97-af8ed00601d7,A27,2021-05-25,540.0,0.8487589469003944,27.34375,5.90625,3.0,0,1.361,
TeamA-f20565cc-df22-46a7-aa97-af8ed00601d7,A27,2021-06-08,560.0,0.906146246552079,27.8125,9.9375,4.0,0,1.752,
TeamA-f20565cc-df22-46a7-aa97-af8ed00601d7,A27,2021-07-12,640.0,1.1356954451588175,25.333333333333332,1.1666666666666679,2.0,0,1.011,
TeamA-f20565cc-df22-46a7-aa97-af8ed00601d7,A27,2021-07-28,630.0,1.1070017953329752,23.446428571428573,12.053571428571427,,1,1.494,
TeamA-f20565cc-df22-46a7-aa97-af8ed00601d7,A27,2021-07-29,630.0,1.1070017953329752,23.607142857142858,11.892857142857142,10.0,0,1.683,
TeamA-f20565cc-df22-46a7-aa97-af8ed00601d7,A27,2021-08-02,840.0,1.7095684416756636,24.25,4.5,4.0,0,1.201,
TeamA-f20565cc-df22-46a7-aa97-af8ed00601d7,A27,2021-08-03,720.0,1.365244643765556,24.25,4.5,3.0,0,1.42,
TeamA-f20565cc-df22-46a7-aa97-af8ed00601d7,A27,2021-08-04,1100.0,2.4556033371475636,24.571428571428573,1.928571428571427,2.0,0,1.513,
TeamA-f20565cc-df22-46a7-aa97-af8ed00601d7,A27,2021-08-11,540.0,0.8487589469003944,24.008928571428573,2.491071428571427,3.0,0,0.832,
TeamA-f20565cc-df22-46a7-aa97-af8ed00601d7,A27,2021-09-01,1090.0,2.4269096873217215,24.410714285714285,4.339285714285715,2.0,0,1.606,
TeamA-f20565cc-df22-46a7-aa97-af8ed00601d7,A27,2021-09-08,960.0,2.0538922395857715,24.651785714285715,6.348214285714285,3.0,0,1.063,
TeamA-f20565cc-df22-46a7-aa97-af8ed00601d7,A27,2021-09-14,720.0,1.365244643765556,24.973214285714285,3.7767857142857153,6.0,0,1.037,
TeamA-f20565cc-df22-46a7-aa97-af8ed00601d7,A27,2021-09-15,900.0,1.8817303406307175,24.973214285714285,3.7767857142857153,5.0,0,0.946,
TeamA-f20565cc-df22-46a7-aa97-af8ed00601d7,A27,2021-09-16,900.0,1.8817303406307175,24.973214285714285,3.7767857142857153,4.0,0,1.026,
TeamA-f20565cc-df22-46a7-aa97-af8ed00601d7,A27,2021-09-21,800.0,1.5947938423722943,25.214285714285715,5.785714285714285,5.0,0,1.066,
TeamA-f20565cc-df22-46a7-aa97-af8ed00601d7,A27,2021-09-22,800.0,1.5947938423722943,25.053571428571427,5.946428571428573,4.0,0,0.978,
TeamA-f20565cc-df22-46a7-aa97-af8ed00601d7,A27,2021-10-05,720.0,1.365244643765556,26.666666666666668,2.083333333333332,2.0,0,0.8,
TeamA-f20565cc-df22-46a7-aa97-af8ed00601d7,A27,2021-10-20,1080.0,2.398216037495879,25.98076923076923,7.26923076923077,5.0,0,1.099,
TeamA-f20565cc-df22-46a7-aa97-af8ed00601d7,A27,2021-10-25,540.0,0.8487589469003944,25.815217391304348,5.184782608695652,7.0,0,1.115,
TeamA-f20565cc-df22-46a7-aa97-af8ed00601d7,A27,2021-10-26,720.0,1.365244643765556,25.52173913043478,5.478260869565219,6.0,0,1.26,
TeamA-f20565cc-df22-46a7-aa97-af8ed00601d7,A27,2021-10-27,1200.0,2.742539835405987,25.52173913043478,0.9782608695652186,5.0,0,1.14,
TeamA-f20565cc-df22-46a7-aa97-af8ed00601d7,A27,2021-11-02,540.0,0.8487589469003944,25.75,0.75,2.0,0,1.189,
TeamA-f20565cc-df22-46a7-aa97-af8ed00601d7,A27,2021-11-04,720.0,1.365244643765556,25.535714285714285,3.2142857142857153,2.0,0,1.077,
TeamB-29c5271b-5c46-455e-91ea-da2abfa8ff3c,B02,2020-09-05,720.0,2.0885013181568386,22.0,2.25,2.0,0,1.866,
TeamB-29c5271b-5c46-455e-91ea-da2abfa8ff3c,B02,2020-09-12,630.0,1.7640102409758014,21.775,4.725000000000001,6.0,0,1.026,
TeamB-29c5271b-5c46-455e-91ea-da2abfa8ff3c,B02,2020-09-20,350.0,0.7544824453014632,21.775,0.22500000000000142,7.0,0,0.767,
TeamB-29c5271b-5c46-455e-91ea-da2abfa8ff3c,B02,2020-09-24,700.0,2.0163921898943857,21.678571428571427,0.32142857142857295,3.0,0,1.024,
TeamB-29c5271b-5c46-455e-91ea-da2abfa8ff3c,B02,2020-09-25,420.0,1.0068643942200477,21.678571428571427,0.32142857142857295,2.0,0,1.154,
TeamB-29c5271b-5c46-455e-91ea-da2abfa8ff3c,B02,2020-09-27,810.0,2.412992395337876,21.693181818181817,4.806818181818183,,1,1.311,
TeamB-29c5271b-5c46-455e-91ea-da2abfa8ff3c,B02,2020-09-30,1260.0,4.035447781243063,21.8125,2.4375,,1,1.481,
TeamB-29c5271b-5c46-455e-91ea-da2abfa8ff3c,B02,2020-10-18,810.0,2.412992395337876,22.09375,8.90625,4.0,0,1.109,
TeamB-29c5271b-5c46-455e-91ea-da2abfa8ff3c,B02,2020-11-01,810.0,2.412992395337876,22.675,1.5749999999999993,2.0,0,1.159,
TeamB-29c5271b-5c46-455e-91ea-da2abfa8ff3c,B02,2020-11-15,800.0,2.3769378312066496,22.529411764705884,1.720588235294116,5.0,0,1.079,
TeamB-29c5271b-5c46-455e-91ea-da2abfa8ff3c,B02,2020-11-22,810.0,2.412992395337876,22.264705882352942,1.985294117647058,2.0,0,0.944,
TeamB-29c5271b-5c46-455e-91ea-da2abfa8ff3c,B02,2021-02-11,1200.0,3.8191203964557046,21.517857142857142,7.232142857142858,,1,1.275,
TeamB-29c5271b-5c46-455e-91ea-da2abfa8ff3c,B02,2021-02-14,480.0,1.2231917790074058,21.859375,2.390625,,1,0.992,
TeamB-29c5271b-5c46-455e-91ea-da2abfa8ff3c,B02,2021-02-21,770.0,2.2687741388129705,22.140625,2.109375,,1,0.914,
TeamB-29c5271b-5c46-455e-91ea-da2abfa8ff3c,B02,2021-09-26,720.0,2.0885013181568386,23.894736842105264,0.3552631578947363,3.0,0,1.816,
TeamB-29c5271b-5c46-455e-91ea-da2abfa8ff3c,B02,2021-10-02,720.0,2.0885013181568386,23.59375,2.90625,2.0,0,2.345,
TeamB-29c5271b-5c46-455e-91ea-da2abfa8ff3c,B02,2021-10-13,1080.0,3.386465626880988,22.666666666666668,6.083333333333332,2.0,0,0.858,
TeamB-29c5271b-5c46-455e-91ea-da2abfa8ff3c,B02,2021-10-15,540.0,1.439519163794764,22.778846153846153,3.7211538461538467,,1,1.149,
TeamB-2f23d7d5-2326-49ce-b9c8-5a6303f785c5,B03,2020-02-08,810.0,1.596933368079146,22.09,6.66,2.0,0,1.556,
TeamB-2f23d7d5-2326-49ce-b9c8-5a6303f785c5,B03,2020-02-16,810.0,1.596933368079146,21.583333333333332,7.166666666666668,5.0,0,1.382,
TeamB-2f23d7d5-2326-49ce-b9c8-5a6303f785c5,B03,2020-02-18,630.0,1.0585667460656842,21.048076923076923,5.451923076923077,3.0,0,1.023,
TeamB-2f23d7d5-2326-49ce-b9c8-5a6303f785c5,B03,2020-02-24,1000.0,2.1652092468711333,21.567307692307693,7.182692307692307,7.0,0,1.068,
TeamB-2f23d7d5-2326-49ce-b9c8-5a6303f785c5,B03,2020-02-25,670.0,1.178203773179787,21.48076923076923,7.26923076923077,6.0,0,1.071,
TeamB-2f23d7d5-2326-49ce-b9c8-5a6303f785c5,B03,2020-02-27,880.0,1.8062981655288255,21.653846153846153,4.846153846153847,4.0,0,1.171,
TeamB-2f23d7d5-2326-49ce-b9c8-5a6303f785c5,B03,2020-03-04,810.0,1.596933368079146,22.778846153846153,3.7211538461538467,3.0,0,0.642,
TeamB-2f23d7d5-2326-49ce-b9c8-5a6303f785c5,B03,2020-03-28,630.0,1.0585667460656842,21.82,2.4299999999999997,,1,1.097,
TeamB-2f23d7d5-2326-49ce-b9c8-5a6303f785c5,B03,2020-03-31,630.0,1.0585667460656842,21.73,2.5199999999999996,,1,1.319,
TeamB-2f23d7d5-2326-49ce-b9c8-5a6303f785c5,B03,2020-06-04,630.0,1.0585667460656842,21.578125,4.921875,4.0,0,1.875,
TeamB-2f23d7d5-2326-49ce-b9c8-5a6303f785c5,B03,2020-06-05,630.0,1.0585667460656842,21.86764705882353,4.632352941176471,3.0,0,1.747,
TeamB-2f23d7d5-2326-49ce-b9c8-5a6303f785c5,B03,2020-06-08,720.0,1.327750057072415,22.1125,8.8875,2.0,0,1.56,
TeamB-2f23d7d5-2326-49ce-b9c8-5a6303f785c5,B03,2020-06-10,720.0,1.327750057072415,22.40909090909091,6.34090909090909,5.0,0,1.548,
TeamB-2f23d7d5-2326-49ce-b9c8-5a6303f785c5,B03,2020-06-13,720.0,1.327750057072415,22.72,6.030000000000001,2.0,0,1.281,
TeamB-2f23d7d5-2326-49ce-b9c8-5a6303f785c5,B03,2020-06-18,720.0,1.327750057072415,23.125,1.125,4.0,0,1.131,
TeamB-2f23d7d5-2326-49ce-b9c8-5a6303f785c5,B03,2020-06-27,810.0,1.596933368079146,23.446428571428573,0.803571428571427,2.0,0,0.96,
TeamB-2f23d7d5-2326-49ce-b9c8-5a6303f785c5,B03,2020-07-04,810.0,1.596933368079146,23.526785714285715,0.7232142857142847,2.0,0,1.073,
TeamB-2f23d7d5-2326-49ce-b9c8-5a6303f785c5,B03,2020-07-07,630.0,1.0585667460656842,23.526785714285715,2.9732142857142847,2.0,0,1.098,
TeamB-2f23d7d5-2326-49ce-b9c8-5a6303f785c5,B03,2020-07-10,810.0,1.596933368079146,23.125,3.375,2.0,0,1.137,
TeamB-2f23d7d5-2326-49ce-b9c8-5a6303f785c5,B03,2020-07-14,720.0,1.327750057072415,22.803571428571427,1.446428571428573,2.0,0,1.007,
TeamB-2f23d7d5-2326-49ce-b9c8-5a6303f785c5,B03,2020-07-28,900.0,1.8661166790858768,22.51923076923077,1.73076923076923,2.0,0,0.951,
TeamB-2f23d7d5-2326-49ce-b9c8-5a6303f785c5,B03,2020-08-01,810.0,1.596933368079146,22.60576923076923,1.64423076923077,2.0,0,1.01,
TeamB-2f23d7d5-2326-49ce-b9c8-5a6303f785c5,B03,2020-08-12,720.0,1.327750057072415,22.432692307692307,4.067307692307693,2.0,0,1.068,
TeamB-2f23d7d5-2326-49ce-b9c8-5a6303f785c5,B03,2020-08-16,720.0,1.327750057072415,22.51923076923077,3.98076923076923,4.0,0,1.036,
TeamB-2f23d7d5-2326-49ce-b9c8-5a6303f785c5,B03,2020-08-22,720.0,1.327750057072415,22.916666666666668,3.583333333333332,3.0,0,1.196,
TeamB-2f23d7d5-2326-49ce-b9c8-5a6303f785c5,B03,2020-08-26,720.0,1.327750057072415,23.044642857142858,5.705357142857142,2.0,0,1.145,
TeamB-2f23d7d5-2326-49ce-b9c8-5a6303f785c5,B03,2020-08-30,720.0,1.327750057072415,23.205357142857142,3.2946428571428577,2.0,0,0.994,
TeamB-2f23d7d5-2326-49ce-b9c8-5a6303f785c5,B03,2020-09-12,810.0,1.596933368079146,23.03846153846154,1.21153846153846,2.0,0,0.986,
TeamB-2f23d7d5-2326-49ce-b9c8-5a6303f785c5,B03,2020-09-27,630.0,1.0585667460656842,22.293478260869566,1.9565217391304337,6.0,0,1.678,
TeamB-2f23d7d5-2326-49ce-b9c8-5a6303f785c5,B03,2020-10-01,720.0,1.327750057072415,22.391304347826086,1.858695652173914,2.0,0,1.345,
TeamB-2f23d7d5-2326-49ce-b9c8-5a6303f785c5,B03,2020-10-07,1080.0,2.4044833010993383,22.48913043478261,6.260869565217391,3.0,0,1.37,
TeamB-2f23d7d5-2326-49ce-b9c8-5a6303f785c5,B03,2020-10-18,810.0,1.596933368079146,22.880434782608695,8.119565217391305,2.0,0,0.897,
TeamB-2f23d7d5-2326-49ce-b9c8-5a6303f785c5,B03,2020-11-01,720.0,1.327750057072415,23.03125,1.21875,2.0,0,0.9,
TeamB-2f23d7d5-2326-49ce-b9c8-5a6303f785c5,B03,2020-11-07,720.0,1.327750057072415,23.03125,5.71875,2.0,0,1.068,
TeamB-2f23d7d5-2326-49ce-b9c8-5a6303f785c5,B03,2021-02-04,720.0,1.327750057072415,22.5625,1.6875,2.0,0,1.717,
TeamB-2f23d7d5-2326-49ce-b9c8-5a6303f785c5,B03,2021-02-11,1800.0,4.557949789153184,22.51923076923077,3.98076923076923,4.0,0,1.307,
TeamB-2f23d7d5-2326-49ce-b9c8-5a6303f785c5,B03,2021-02-24,930.0,1.9558444494214537,22.27,4.23,4.0,0,1.039,
TeamB-2f23d7d5-2326-49ce-b9c8-5a6303f785c5,B03,2021-02-26,1080.0,2.4044833010993383,22.27,4.23,2.0,0,1.287,
TeamB-2f23d7d5-2326-49ce-b9c8-5a6303f785c5,B03,2021-03-09,830.0,1.6567518816361972,22.391304347826086,1.858695652173914,2.0,0,0.968,
TeamB-2f23d7d5-2326-49ce-b9c8-5a6303f785c5,B03,2021-03-12,630.0,1.0585667460656842,22.45,1.8000000000000007,3.0,0,1.269,
TeamB-2f23d7d5-2326-49ce-b9c8-5a6303f785c5,B03,2021-03-15,930.0,1.9558444494214537,22.27,4.23,2.0,0,1.219,
TeamB-2f23d7d5-2326-49ce-b9c8-5a6303f785c5,B03,2021-03-18,1180.0,2.703575868884595,22.45,1.8000000000000007,3.0,0,1.196,
TeamB-2f23d7d5-2326-49ce-b9c8-5a6303f785c5,B03,2021-03-31,960.0,2.0455722197570307,22.51923076923077,6.23076923076923,3.0,0,1.227,
TeamB-2f23d7d5-2326-49ce-b9c8-5a6303f785c5,B03,2021-04-20,810.0,1.596933368079146,22.54,6.210000000000001,3.0,0,0.744,
TeamB-2f23d7d5-2326-49ce-b9c8-5a6303f785c5,B03,2021-05-08,900.0,1.8661166790858768,22.58695652173913,1.663043478260871,2.0,0,1.421,
TeamB-2f23d7d5-2326-49ce-b9c8-5a6303f785c5,B03,2021-05-15,810.0,1.596933368079146,22.684782608695652,1.5652173913043477,2.0,0,1.038,
TeamB-2f23d7d5-2326-49ce-b9c8-5a6303f785c5,B03,2021-05-19,770.0,1.4772963409650433,22.684782608695652,1.5652173913043477,2.0,0,1.262,
TeamB-2f23d7d5-2326-49ce-b9c8-5a6303f785c5,B03,2021-05-22,720.0,1.327750057072415,22.46875,1.78125,2.0,0,1.085,
TeamB-2f23d7d5-2326-49ce-b9c8-5a6303f785c5,B03,2021-05-29,720.0,1.327750057072415,22.60576923076923,1.64423076923077,2.0,0,1.08,
TeamB-2f23d7d5-2326-49ce-b9c8-5a6303f785c5,B03,2021-06-02,1140.0,2.5839388417704923,22.692307692307693,1.5576923076923066,2.0,0,1.116,
TeamB-2f23d7d5-2326-49ce-b9c8-5a6303f785c5,B03,2021-06-10,900.0,1.8661166790858768,22.51923076923077,3.98076923076923,,1,1.177,
TeamB-2f23d7d5-2326-49ce-b9c8-5a6303f785c5,B03,2021-06-26,810.0,1.596933368079146,22.642857142857142,3.8571428571428577,2.0,0,1.087,
TeamB-2f23d7d5-2326-49ce-b9c8-5a6303f785c5,B03,2021-08-18,720.0,1.327750057072415,22.84375,1.40625,2.0,0,1.139,
TeamB-2f23d7d5-2326-49ce-b9c8-5a6303f785c5,B03,2021-09-01,810.0,1.596933368079146,22.684782608695652,3.8152173913043477,2.0,0,1.056,
TeamB-2f23d7d5-2326-49ce-b9c8-5a6303f785c5,B03,2021-09-04,810.0,1.596933368079146,22.880434782608695,5.869565217391305,9.0,0,0.97,
TeamB-2f23d7d5-2326-49ce-b9c8-5a6303f785c5,B03,2021-09-08,810.0,1.596933368079146,23.27173913043478,5.478260869565219,5.0,0,0.916,
TeamB-2f23d7d5-2326-49ce-b9c8-5a6303f785c5,B03,2021-10-12,1000.0,2.1652092468711333,22.45,1.8000000000000007,2.0,0,1.272,
TeamB-2f23d7d5-2326-49ce-b9c8-5a6303f785c5,B03,2021-10-17,720.0,1.327750057072415,22.473684210526315,4.026315789473685,2.0,0,1.29,
TeamB-4405bb1f-56f7-48ba-bfa8-e795e4006952,B04,2020-02-07,630.0,1.0802866435253184,13.58695652173913,3.913043478260869,2.0,0,1.422,
TeamB-4405bb1f-56f7-48ba-bfa8-e795e4006952,B04,2020-02-13,990.0,2.1203782291914464,13.865384615384615,5.884615384615385,7.0,0,1.163,
TeamB-4405bb1f-56f7-48ba-bfa8-e795e4006952,B04,2020-02-15,990.0,2.1203782291914464,13.778846153846153,5.971153846153847,5.0,0,1.109,
TeamB-4405bb1f-56f7-48ba-bfa8-e795e4006952,B04,2020-02-23,930.0,1.9470296315804252,13.865384615384615,1.384615384615385,2.0,0,0.612,
TeamB-4405bb1f-56f7-48ba-bfa8-e795e4006952,B04,2020-02-27,1200.0,2.727098320830021,13.346153846153847,6.403846153846153,8.0,0,1.188,
TeamB-4405bb1f-56f7-48ba-bfa8-e795e4006952,B04,2020-03-01,700.0,1.28252667407151,14.038461538461538,3.4615384615384617,5.0,0,1.185,
TeamB-4405bb1f-56f7-48ba-bfa8-e795e4006952,B04,2020-03-03,990.0,2.1203782291914464,14.903846153846153,2.5961538461538467,3.0,0,1.284,
TeamB-4405bb1f-56f7-48ba-bfa8-e795e4006952,B04,2020-03-04,630.0,1.0802866435253184,14.990384615384615,0.259615384615385,2.0,0,1.249,
TeamB-4405bb1f-56f7-48ba-bfa8-e795e4006952,B04,2020-03-06,770.0,1.4847667046177015,14.990384615384615,2.509615384615385,2.0,0,1.252,
TeamB-4405bb1f-56f7-48ba-bfa8-e795e4006952,B04,2020-03-21,1050.0,2.2937268268024678,14.044642857142858,7.955357142857142,4.0,0,0.813,
TeamB-4405bb1f-56f7-48ba-bfa8-e795e4006952,B04,2020-03-25,720.0,1.3403095399418505,14.526785714285714,5.2232142857142865,3.0,0,1.015,
TeamB-4405bb1f-56f7-48ba-bfa8-e795e4006952,B04,2020-03-28,640.0,1.1091780764604886,14.848214285714286,4.9017857142857135,2.0,0,0.913,
TeamB-4405bb1f-56f7-48ba-bfa8-e795e4006952,B04,2020-03-31,960.0,2.033703930385936,14.446428571428571,3.053571428571429,3.0,0,0.965,
TeamB-4405bb1f-56f7-48ba-bfa8-e795e4006952,B04,2020-04-04,560.0,0.8780466129791269,14.446428571428571,5.303571428571429,2.0,0,0.899,
TeamB-4405bb1f-56f7-48ba-bfa8-e795e4006952,B04,2020-04-07,1230.0,2.813772619635532,14.848214285714286,2.6517857142857135,2.0,0,1.045,
TeamB-4405bb1f-56f7-48ba-bfa8-e795e4006952,B04,2020-04-11,1140.0,2.553749723219,15.089285714285714,2.4107142857142865,4.0,0,0.979,
TeamB-4405bb1f-56f7-48ba-bfa8-e795e4006952,B04,2020-04-20,630.0,1.0802866435253184,15.25,2.25,2.0,0,0.753,
TeamB-4405bb1f-56f7-48ba-bfa8-e795e4006952,B04,2020-04-21,560.0,0.8780466129791269,15.16,0.08999999999999986,3.0,0,0.813,
TeamB-4405bb1f-56f7-48ba-bfa8-e795e4006952,B04,2020-04-26,720.0,1.3403095399418505,15.0625,4.6875,2.0,0,0.94,
TeamB-4405bb1f-56f7-48ba-bfa8-e795e4006952,B04,2020-05-15,630.0,1.0802866435253184,13.60576923076923,6.14423076923077,3.0,0,0.936,
TeamB-4405bb1f-56f7-48ba-bfa8-e795e4006952,B04,2020-05-26,630.0,1.0802866435253184,12.826923076923077,0.17307692307692335,2.0,0,0.957,
TeamB-4405bb1f-56f7-48ba-bfa8-e795e4006952,B04,2020-06-01,630.0,1.0802866435253184,12.39423076923077,0.60576923076923,3.0,0,1.035,
TeamB-4405bb1f-56f7-48ba-bfa8-e795e4006952,B04,2020-06-02,560.0,0.8780466129791269,12.048076923076923,0.9519230769230766,2.0,0,1.057,
TeamB-4405bb1f-56f7-48ba-bfa8-e795e4006952,B04,2020-06-05,630.0,1.0802866435253184,11.961538461538462,3.2884615384615383,4.0,0,1.05,
TeamB-4405bb1f-56f7-48ba-bfa8-e795e4006952,B04,2020-06-13,720.0,1.3403095399418505,10.583333333333334,11.416666666666666,,1,1.039,
TeamB-4405bb1f-56f7-48ba-bfa8-e795e4006952,B04,2020-06-18,630.0,1.0802866435253184,11.151785714285714,10.848214285714286,,1,1.042,
TeamB-4405bb1f-56f7-48ba-bfa8-e795e4006952,B04,2020-06-23,810.0,1.6003324363583824,12.583333333333334,9.416666666666666,,1,0.877,
TeamB-4405bb1f-56f7-48ba-bfa8-e795e4006952,B04,2020-06-30,630.0,1.0802866435253184,15.076923076923077,6.923076923076923,,1,0.775,
TeamB-4405bb1f-56f7-48ba-bfa8-e795e4006952,B04,2020-07-07,630.0,1.0802866435253184,17.5,4.5,,1,0.999,
TeamB-4405bb1f-56f7-48ba-bfa8-e795e4006952,B04,2020-07-10,810.0,1.6003324363583824,19.66,4.59,,1,1.17,
TeamB-4405bb1f-56f7-48ba-bfa8-e795e4006952,B04,2020-07-17,630.0,1.0802866435253184,21.46,2.789999999999999,3.0,0,1.052,
TeamB-4405bb1f-56f7-48ba-bfa8-e795e4006952,B04,2020-07-18,810.0,1.6003324363583824,21.46,2.789999999999999,2.0,0,1.288,
TeamB-4405bb1f-56f7-48ba-bfa8-e795e4006952,B04,2020-07-27,660.0,1.1669609423308291,21.826923076923077,0.17307692307692335,8.0,0,0.777,
TeamB-4405bb1f-56f7-48ba-bfa8-e795e4006952,B04,2020-07-28,630.0,1.0802866435253184,21.826923076923077,0.17307692307692335,7.0,0,0.935,
TeamB-4405bb1f-56f7-48ba-bfa8-e795e4006952,B04,2020-07-29,630.0,1.0802866435253184,21.91346153846154,0.0865384615384599,6.0,0,1.017,
TeamB-4405bb1f-56f7-48ba-bfa8-e795e4006952,B04,2020-08-04,720.0,1.3403095399418505,21.916666666666668,0.08333333333333215,,1,1.014,
TeamB-4405bb1f-56f7-48ba-bfa8-e795e4006952,B04,2020-08-22,720.0,1.3403095399418505,21.919642857142858,0.08035714285714235,7.0,0,0.873,
TeamB-4405bb1f-56f7-48ba-bfa8-e795e4006952,B04,2020-08-26,630.0,1.0802866435253184,21.919642857142858,0.08035714285714235,3.0,0,1.189,
TeamB-4405bb1f-56f7-48ba-bfa8-e795e4006952,B04,2020-09-05,720.0,1.3403095399418505,21.833333333333332,0.16666666666666785,4.0,0,1.149,
TeamB-4405bb1f-56f7-48ba-bfa8-e795e4006952,B04,2020-09-30,1080.0,2.3804011256079787,21.644736842105264,2.6052631578947363,,1,1.159,
TeamB-4405bb1f-56f7-48ba-bfa8-e795e4006952,B04,2020-10-01,720.0,1.3403095399418505,21.644736842105264,0.3552631578947363,,1,1.227,
TeamB-4405bb1f-56f7-48ba-bfa8-e795e4006952,B04,2020-10-07,1080.0,2.3804011256079787,21.86764705882353,0.132352941176471,6.0,0,1.296,
TeamB-4405bb1f-56f7-48ba-bfa8-e795e4006952,B04,2020-11-01,810.0,1.6003324363583824,22.1125,2.1374999999999993,2.0,0,1.503,
TeamB-4405bb1f-56f7-48ba-bfa8-e795e4006952,B04,2021-02-24,640.0,1.1091780764604886,21.86764705882353,2.382352941176471,8.0,0,1.31,
TeamB-4405bb1f-56f7-48ba-bfa8-e795e4006952,B04,2021-03-05,840.0,1.687006735163893,21.735294117647058,0.264705882352942,6.0,0,1.344,
TeamB-4405bb1f-56f7-48ba-bfa8-e795e4006952,B04,2021-03-06,630.0,1.0802866435253184,21.735294117647058,0.264705882352942,5.0,0,1.557,
TeamB-4405bb1f-56f7-48ba-bfa8-e795e4006952,B04,2021-03-08,900.0,1.8603553327749145,21.75,0.25,3.0,0,1.712,
TeamB-4405bb1f-56f7-48ba-bfa8-e795e4006952,B04,2021-03-11,640.0,1.1091780764604886,21.75,0.25,,1,1.59,
TeamB-4405bb1f-56f7-48ba-bfa8-e795e4006952,B04,2021-03-13,630.0,1.0802866435253184,21.6625,4.837499999999999,,1,1.287,
TeamB-4405bb1f-56f7-48ba-bfa8-e795e4006952,B04,2021-03-29,720.0,1.3403095399418505,21.693181818181817,0.30681818181818343,,1,0.931,
TeamB-4405bb1f-56f7-48ba-bfa8-e795e4006952,B04,2021-03-30,1500.0,3.593841308885128,21.693181818181817,0.30681818181818343,,1,1.288,
TeamB-48bfd4ea-e9e2-45b5-befc-3383cae87fdf,B05,2020-03-10,780.0,1.5594890689996947,23.6875,0.5625,2.0,0,1.27,
TeamB-48bfd4ea-e9e2-45b5-befc-3383cae87fdf,B05,2020-03-16,700.0,1.3060672201234278,23.64423076923077,0.60576923076923,2.0,0,0.878,
TeamB-48bfd4ea-e9e2-45b5-befc-3383cae87fdf,B05,2020-03-21,770.0,1.5278113378901614,23.916666666666668,0.33333333333333215,2.0,0,0.927,
TeamB-48bfd4ea-e9e2-45b5-befc-3383cae87fdf,B05,2020-03-23,560.0,0.862578984589961,23.767857142857142,0.48214285714285765,2.0,0,1.155,
TeamB-48bfd4ea-e9e2-45b5-befc-3383cae87fdf,B05,2020-03-31,720.0,1.3694226823424946,23.767857142857142,0.48214285714285765,2.0,0,1.059,
TeamB-48bfd4ea-e9e2-45b5-befc-3383cae87fdf,B05,2020-04-07,630.0,1.0843231023566944,23.607142857142858,0.6428571428571423,2.0,0,1.142,
TeamB-48bfd4ea-e9e2-45b5-befc-3383cae87fdf,B05,2020-04-21,1200.0,2.8899537756000955,22.482142857142858,4.017857142857142,3.0,0,1.068,
TeamB-48bfd4ea-e9e2-45b5-befc-3383cae87fdf,B05,2020-05-05,660.0,1.1793562956852945,22.803571428571427,5.946428571428573,8.0,0,0.573,
TeamB-48bfd4ea-e9e2-45b5-befc-3383cae87fdf,B05,2020-05-09,840.0,1.7495554556568946,23.125,5.625,4.0,0,0.915,
TeamB-48bfd4ea-e9e2-45b5-befc-3383cae87fdf,B05,2020-05-10,600.0,0.9892899090280943,23.205357142857142,3.2946428571428577,3.0,0,1.094,
TeamB-48bfd4ea-e9e2-45b5-befc-3383cae87fdf,B05,2020-05-14,720.0,1.3694226823424946,23.6875,2.8125,2.0,0,1.287,
TeamB-48bfd4ea-e9e2-45b5-befc-3383cae87fdf,B05,2020-05-26,560.0,0.862578984589961,23.767857142857142,0.48214285714285765,2.0,0,0.993,
TeamB-48bfd4ea-e9e2-45b5-befc-3383cae87fdf,B05,2020-05-28,630.0,1.0843231023566944,23.767857142857142,0.48214285714285765,2.0,0,0.974,
TeamB-48bfd4ea-e9e2-45b5-befc-3383cae87fdf,B05,2020-06-05,630.0,1.0843231023566944,23.366071428571427,0.883928571428573,2.0,0,0.881,
TeamB-48bfd4ea-e9e2-45b5-befc-3383cae87fdf,B05,2020-06-16,770.0,1.5278113378901614,22.5625,1.6875,2.0,0,1.115,
TeamB-48bfd4ea-e9e2-45b5-befc-3383cae87fdf,B05,2020-06-27,630.0,1.0843231023566944,22.321428571428573,1.928571428571427,2.0,0,1.084,
TeamB-48bfd4ea-e9e2-45b5-befc-3383cae87fdf,B05,2020-07-08,700.0,1.3060672201234278,22.5625,3.9375,3.0,0,1.176,
TeamB-48bfd4ea-e9e2-45b5-befc-3383cae87fdf,B05,2020-07-11,560.0,0.862578984589961,22.803571428571427,3.696428571428573,3.0,0,1.201,
TeamB-48bfd4ea-e9e2-45b5-befc-3383cae87fdf,B05,2020-07-25,840.0,1.7495554556568946,22.964285714285715,1.2857142857142847,3.0,0,1.249,
TeamB-48bfd4ea-e9e2-45b5-befc-3383cae87fdf,B05,2020-07-29,640.0,1.1160008334662277,22.964285714285715,3.5357142857142847,2.0,0,1.095,
TeamB-48bfd4ea-e9e2-45b5-befc-3383cae87fdf,B05,2020-08-06,660.0,1.1793562956852945,23.044642857142858,1.2053571428571423,2.0,0,1.118,
TeamB-48bfd4ea-e9e2-45b5-befc-3383cae87fdf,B05,2020-08-16,630.0,1.0843231023566944,22.723214285714285,1.5267857142857153,3.0,0,0.961,
TeamB-48bfd4ea-e9e2-45b5-befc-3383cae87fdf,B05,2020-08-20,660.0,1.1793562956852945,22.723214285714285,1.5267857142857153,2.0,0,1.119,
TeamB-48bfd4ea-e9e2-45b5-befc-3383cae87fdf,B05,2020-08-22,720.0,1.3694226823424946,22.803571428571427,1.446428571428573,2.0,0,1.24,
TeamB-48bfd4ea-e9e2-45b5-befc-3383cae87fdf,B05,2020-09-05,630.0,1.0843231023566944,22.51923076923077,3.98076923076923,2.0,0,1.057,
TeamB-48bfd4ea-e9e2-45b5-befc-3383cae87fdf,B05,2020-09-12,630.0,1.0843231023566944,22.60576923076923,1.64423076923077,2.0,0,0.95,
TeamB-48bfd4ea-e9e2-45b5-befc-3383cae87fdf,B05,2020-09-19,560.0,0.862578984589961,22.432692307692307,1.8173076923076934,5.0,0,0.669,
TeamB-48bfd4ea-e9e2-45b5-befc-3383cae87fdf,B05,2020-09-21,630.0,1.0843231023566944,22.432692307692307,1.8173076923076934,3.0,0,0.788,
TeamB-48bfd4ea-e9e2-45b5-befc-3383cae87fdf,B05,2020-09-22,790.0,1.591166800109228,22.51923076923077,1.73076923076923,2.0,0,0.896,
TeamB-48bfd4ea-e9e2-45b5-befc-3383cae87fdf,B05,2020-10-02,840.0,1.7495554556568946,22.642857142857142,1.6071428571428577,3.0,0,1.321,
TeamB-48bfd4ea-e9e2-45b5-befc-3383cae87fdf,B05,2020-10-18,630.0,1.0843231023566944,22.63,1.620000000000001,3.0,0,1.038,
TeamB-48bfd4ea-e9e2-45b5-befc-3383cae87fdf,B05,2020-10-22,770.0,1.5278113378901614,22.375,4.125,3.0,0,1.172,
TeamB-48bfd4ea-e9e2-45b5-befc-3383cae87fdf,B05,2020-11-01,720.0,1.3694226823424946,22.46875,4.03125,2.0,0,1.151,
TeamB-48bfd4ea-e9e2-45b5-befc-3383cae87fdf,B05,2020-12-13,960.0,2.129688228971295,22.778846153846153,3.7211538461538467,,1,1.33,
TeamB-48bfd4ea-e9e2-45b5-befc-3383cae87fdf,B05,2021-02-02,660.0,1.1793562956852945,23.06578947368421,1.1842105263157912,2.0,0,1.775,
TeamB-48bfd4ea-e9e2-45b5-befc-3383cae87fdf,B05,2021-02-21,870.0,1.8445886489854948,23.022727272727273,1.2272727272727266,3.0,0,0.915,
TeamB-48bfd4ea-e9e2-45b5-befc-3383cae87fdf,B05,2021-02-25,630.0,1.0843231023566944,22.71590909090909,1.53409090909091,4.0,0,1.371,
TeamB-48bfd4ea-e9e2-45b5-befc-3383cae87fdf,B05,2021-03-04,870.0,1.8445886489854948,22.9,1.3500000000000014,4.0,0,1.387,
TeamB-48bfd4ea-e9e2-45b5-befc-3383cae87fdf,B05,2021-03-06,930.0,2.034655035642695,22.964285714285715,1.2857142857142847,2.0,0,1.536,
TeamB-48bfd4ea-e9e2-45b5-befc-3383cae87fdf,B05,2021-03-11,720.0,1.3694226823424946,23.071428571428573,1.178571428571427,7.0,0,1.319,
TeamB-48bfd4ea-e9e2-45b5-befc-3383cae87fdf,B05,2021-03-13,840.0,1.7495554556568946,23.022727272727273,1.2272727272727266,5.0,0,1.089,
TeamB-48bfd4ea-e9e2-45b5-befc-3383cae87fdf,B05,2021-03-15,1060.0,2.4464655400666286,23.227272727272727,1.0227272727272734,3.0,0,1.106,
TeamB-48bfd4ea-e9e2-45b5-befc-3383cae87fdf,B05,2021-03-18,840.0,1.7495554556568946,23.21875,1.03125,3.0,0,1.049,
TeamB-48bfd4ea-e9e2-45b5-befc-3383cae87fdf,B05,2021-03-19,630.0,1.0843231023566944,23.17,1.0799999999999983,2.0,0,1.029,
TeamB-48bfd4ea-e9e2-45b5-befc-3383cae87fdf,B05,2021-03-23,840.0,1.7495554556568946,23.17,1.0799999999999983,2.0,0,0.971,
TeamB-48bfd4ea-e9e2-45b5-befc-3383cae87fdf,B05,2021-03-27,840.0,1.7495554556568946,23.08,1.1700000000000017,2.0,0,0.894,
TeamB-48bfd4ea-e9e2-45b5-befc-3383cae87fdf,B05,2021-03-30,1080.0,2.5098210022856953,23.125,1.125,2.0,0,0.901,
TeamB-48bfd4ea-e9e2-45b5-befc-3383cae87fdf,B05,2021-04-06,1080.0,2.5098210022856953,23.08,1.1700000000000017,3.0,0,0.6,
TeamB-48bfd4ea-e9e2-45b5-befc-3383cae87fdf,B05,2021-05-08,720.0,1.3694226823424946,22.5,4.0,2.0,0,1.487,
TeamB-48bfd4ea-e9e2-45b5-befc-3383cae87fdf,B05,2021-06-30,630.0,1.0843231023566944,22.0,2.25,2.0,0,1.081,
TeamB-48bfd4ea-e9e2-45b5-befc-3383cae87fdf,B05,2021-08-14,630.0,1.0843231023566944,23.607142857142858,2.8928571428571423,2.0,0,1.814,
TeamB-48bfd4ea-e9e2-45b5-befc-3383cae87fdf,B05,2021-09-22,1740.0,4.600551255514897,22.080357142857142,2.1696428571428577,2.0,0,1.391,
TeamB-48bfd4ea-e9e2-45b5-befc-3383cae87fdf,B05,2021-11-04,640.0,1.1160008334662277,22.9,3.6000000000000014,3.0,0,1.953,
TeamB-70b74270-f655-43cc-a188-1ebc7a828b95,B11,2020-02-06,1080.0,2.476114256824277,24.596153846153847,1.9038461538461533,5.0,0,1.25,
TeamB-70b74270-f655-43cc-a188-1ebc7a828b95,B11,2020-02-07,630.0,1.0960434591584927,24.423076923076923,2.0769230769230766,4.0,0,1.505,
TeamB-70b74270-f655-43cc-a188-1ebc7a828b95,B11,2020-02-08,900.0,1.924085937757963,24.423076923076923,2.0769230769230766,3.0,0,1.706,
TeamB-70b74270-f655-43cc-a188-1ebc7a828b95,B11,2020-02-11,1080.0,2.476114256824277,24.833333333333332,1.6666666666666679,2.0,0,1.465,
TeamB-70b74270-f655-43cc-a188-1ebc7a828b95,B11,2020-02-17,630.0,1.0960434591584927,25.0,1.5,3.0,0,1.247,
TeamB-70b74270-f655-43cc-a188-1ebc7a828b95,B11,2020-02-18,830.0,1.7094082581210635,25.083333333333332,1.4166666666666679,2.0,0,1.208,
TeamB-70b74270-f655-43cc-a188-1ebc7a828b95,B11,2020-02-24,720.0,1.3720576186916495,24.76923076923077,3.98076923076923,3.0,0,1.086,
TeamB-70b74270-f655-43cc-a188-1ebc7a828b95,B11,2020-02-27,1200.0,2.8441331362018194,24.85576923076923,1.64423076923077,2.0,0,1.073,
TeamB-70b74270-f655-43cc-a188-1ebc7a828b95,B11,2020-03-28,700.0,1.3107211387953925,23.817307692307693,0.4326923076923066,,1,1.598,
TeamB-70b74270-f655-43cc-a188-1ebc7a828b95,B11,2020-03-30,700.0,1.3107211387953925,23.903846153846153,2.5961538461538467,,1,1.695,
TeamB-70b74270-f655-43cc-a188-1ebc7a828b95,B11,2020-03-31,880.0,1.862749457861706,23.990384615384617,2.5096153846153832,,1,1.807,
TeamB-70b74270-f655-43cc-a188-1ebc7a828b95,B11,2020-04-07,800.0,1.6174035382766778,24.16346153846154,2.33653846153846,6.0,0,0.978,
TeamB-70b74270-f655-43cc-a188-1ebc7a828b95,B11,2020-04-26,630.0,1.0960434591584927,23.607142857142858,0.6428571428571423,3.0,0,1.086,
TeamB-70b74270-f655-43cc-a188-1ebc7a828b95,B11,2020-06-10,630.0,1.0960434591584927,22.964285714285715,1.2857142857142847,2.0,0,1.56,
TeamB-70b74270-f655-43cc-a188-1ebc7a828b95,B11,2020-06-27,720.0,1.3720576186916495,22.865384615384617,3.6346153846153832,2.0,0,0.938,
TeamB-70b74270-f655-43cc-a188-1ebc7a828b95,B11,2020-07-04,810.0,1.6480717782248062,22.81,3.6900000000000013,,1,1.111,
TeamB-70b74270-f655-43cc-a188-1ebc7a828b95,B11,2020-07-07,630.0,1.0960434591584927,22.99,1.2600000000000016,,1,1.069,
TeamB-70b74270-f655-43cc-a188-1ebc7a828b95,B11,2020-07-10,900.0,1.924085937757963,23.26,0.9899999999999984,,1,1.242,
TeamB-70b74270-f655-43cc-a188-1ebc7a828b95,B11,2020-07-19,630.0,1.0960434591584927,23.53,2.969999999999999,5.0,0,0.826,
TeamB-70b74270-f655-43cc-a188-1ebc7a828b95,B11,2020-07-27,600.0,1.004038739314107,23.817307692307693,2.6826923076923066,4.0,0,1.15,
TeamB-70b74270-f655-43cc-a188-1ebc7a828b95,B11,2020-07-28,900.0,1.924085937757963,23.817307692307693,2.6826923076923066,3.0,0,1.248,
TeamB-70b74270-f655-43cc-a188-1ebc7a828b95,B11,2020-08-01,810.0,1.6480717782248062,24.083333333333332,4.666666666666668,,1,1.263,
TeamB-70b74270-f655-43cc-a188-1ebc7a828b95,B11,2020-08-04,630.0,1.0960434591584927,24.0,4.75,,1,1.05,
TeamB-70b74270-f655-43cc-a188-1ebc7a828b95,B11,2020-08-07,810.0,1.6480717782248062,24.083333333333332,4.666666666666668,,1,1.223,
TeamB-70b74270-f655-43cc-a188-1ebc7a828b95,B11,2020-08-12,810.0,1.6480717782248062,24.583333333333332,4.166666666666668,3.0,0,0.89,
TeamB-70b74270-f655-43cc-a188-1ebc7a828b95,B11,2020-08-16,810.0,1.6480717782248062,24.892857142857142,1.6071428571428577,2.0,0,0.875,
TeamB-70b74270-f655-43cc-a188-1ebc7a828b95,B11,2020-08-22,900.0,1.924085937757963,25.214285714285715,1.2857142857142847,2.0,0,1.113,
TeamB-70b74270-f655-43cc-a188-1ebc7a828b95,B11,2020-08-26,900.0,1.924085937757963,25.696428571428573,0.803571428571427,3.0,0,1.14,
TeamB-70b74270-f655-43cc-a188-1ebc7a828b95,B11,2020-08-30,810.0,1.6480717782248062,25.9375,0.5625,2.0,0,0.966,
TeamB-70b74270-f655-43cc-a188-1ebc7a828b95,B11,2020-09-09,630.0,1.0960434591584927,25.416666666666668,1.0833333333333321,2.0,0,1.193,
TeamB-70b74270-f655-43cc-a188-1ebc7a828b95,B11,2020-10-05,630.0,1.0960434591584927,24.973214285714285,1.5267857142857153,2.0,0,1.256,
TeamB-70b74270-f655-43cc-a188-1ebc7a828b95,B11,2020-10-29,720.0,1.3720576186916495,24.75,1.75,2.0,0,1.286,
TeamB-70b74270-f655-43cc-a188-1ebc7a828b95,B11,2020-11-01,810.0,1.6480717782248062,24.666666666666668,4.083333333333332,3.0,0,1.145,
TeamB-70b74270-f655-43cc-a188-1ebc7a828b95,B11,2020-11-11,630.0,1.0960434591584927,24.25,4.5,2.0,0,1.073,
TeamB-70b74270-f655-43cc-a188-1ebc7a828b95,B11,2020-11-19,630.0,1.0960434591584927,23.848214285714285,2.6517857142857153,2.0,0,0.999,
TeamB-70b74270-f655-43cc-a188-1ebc7a828b95,B11,2021-01-29,800.0,1.6174035382766778,23.767857142857142,4.982142857142858,9.0,0,2.249,
TeamB-70b74270-f655-43cc-a188-1ebc7a828b95,B11,2021-02-01,700.0,1.3107211387953925,23.96875,4.78125,6.0,0,1.837,
TeamB-70b74270-f655-43cc-a188-1ebc7a828b95,B11,2021-02-11,1200.0,2.8441331362018194,23.89,7.109999999999999,4.0,0,1.07,
TeamB-70b74270-f655-43cc-a188-1ebc7a828b95,B11,2021-02-21,830.0,1.7094082581210635,24.25,2.25,2.0,0,1.215,
TeamB-70b74270-f655-43cc-a188-1ebc7a828b95,B11,2021-02-25,630.0,1.0960434591584927,24.33653846153846,2.16346153846154,2.0,0,1.239,
TeamB-70b74270-f655-43cc-a188-1ebc7a828b95,B11,2021-03-15,990.0,2.20010009729112,24.169642857142858,2.3303571428571423,,1,1.271,
TeamB-70b74270-f655-43cc-a188-1ebc7a828b95,B11,2021-03-18,1180.0,2.782796656305562,24.330357142857142,2.1696428571428577,3.0,0,1.255,
TeamB-70b74270-f655-43cc-a188-1ebc7a828b95,B11,2021-03-22,960.0,2.1080953774467344,24.651785714285715,1.8482142857142847,2.0,0,0.913,
TeamB-70b74270-f655-43cc-a188-1ebc7a828b95,B11,2021-04-08,770.0,1.5253988184322922,24.5,2.0,2.0,0,0.477,
TeamB-70b74270-f655-43cc-a188-1ebc7a828b95,B11,2021-04-12,950.0,2.077427137498606,24.666666666666668,1.8333333333333321,3.0,0,1.218,
TeamB-70b74270-f655-43cc-a188-1ebc7a828b95,B11,2021-04-20,810.0,1.6480717782248062,24.509615384615383,1.9903846153846168,2.0,0,1.091,
TeamB-70b74270-f655-43cc-a188-1ebc7a828b95,B11,2021-05-11,720.0,1.3720576186916495,24.625,1.875,2.0,0,1.199,
TeamB-70b74270-f655-43cc-a188-1ebc7a828b95,B11,2021-05-18,880.0,1.862749457861706,24.71875,1.78125,3.0,0,0.372,
TeamB-70b74270-f655-43cc-a188-1ebc7a828b95,B11,2021-05-19,800.0,1.6174035382766778,24.71875,1.78125,2.0,0,0.591,
TeamB-70b74270-f655-43cc-a188-1ebc7a828b95,B11,2021-05-29,800.0,1.6174035382766778,24.79,1.7100000000000009,2.0,0,1.37,
TeamB-70b74270-f655-43cc-a188-1ebc7a828b95,B11,2021-06-02,1190.0,2.813464896253691,24.666666666666668,1.8333333333333321,2.0,0,1.229,
TeamB-70b74270-f655-43cc-a188-1ebc7a828b95,B11,2021-06-22,810.0,1.6480717782248062,24.76923076923077,1.73076923076923,2.0,0,0.556,
TeamB-70b74270-f655-43cc-a188-1ebc7a828b95,B11,2021-08-18,630.0,1.0960434591584927,25.3,1.1999999999999993,2.0,0,1.188,
TeamB-70b74270-f655-43cc-a188-1ebc7a828b95,B11,2021-08-21,810.0,1.6480717782248062,25.375,3.375,3.0,0,1.286,
TeamB-70b74270-f655-43cc-a188-1ebc7a828b95,B11,2021-09-04,630.0,1.0960434591584927,25.33,1.1700000000000017,3.0,0,0.558,
TeamB-70b74270-f655-43cc-a188-1ebc7a828b95,B11,2021-09-26,630.0,1.0960434591584927,25.0,1.5,2.0,0,1.561,
TeamB-70b74270-f655-43cc-a188-1ebc7a828b95,B11,2021-09-29,1310.0,3.1814837756312335,24.8125,3.9375,2.0,0,1.671,
TeamB-70b74270-f655-43cc-a188-1ebc7a828b95,B11,2021-10-09,900.0,1.924085937757963,24.142857142857142,4.607142857142858,,1,1.118,
TeamB-70b74270-f655-43cc-a188-1ebc7a828b95,B11,2021-10-17,810.0,1.6480717782248062,24.464285714285715,4.285714285714285,,1,1.343,
TeamB-789547e7-1325-4153-a98d-5ecd497f3668,B12,2020-02-01,540.0,0.9473378259335001,18.303571428571427,8.196428571428573,5.0,0,1.044,
TeamB-789547e7-1325-4153-a98d-5ecd497f3668,B12,2020-02-03,540.0,0.9473378259335001,18.625,7.875,3.0,0,1.05,
TeamB-789547e7-1325-4153-a98d-5ecd497f3668,B12,2020-02-24,540.0,0.9473378259335001,22.675,8.325,5.0,0,1.078,
TeamB-789547e7-1325-4153-a98d-5ecd497f3668,B12,2020-02-25,1330.0,3.6326474077247783,23.125,7.875,4.0,0,1.591,
TeamB-789547e7-1325-4153-a98d-5ecd497f3668,B12,2020-02-27,600.0,1.1512853891075212,23.607142857142858,5.142857142857142,2.0,0,1.572,
TeamB-789547e7-1325-4153-a98d-5ecd497f3668,B12,2020-03-03,900.0,2.171023204977627,23.227272727272727,5.522727272727273,5.0,0,0.958,
TeamB-789547e7-1325-4153-a98d-5ecd497f3668,B12,2020-03-05,980.0,2.4429532892096546,23.27173913043478,5.478260869565219,3.0,0,0.889,
TeamB-789547e7-1325-4153-a98d-5ecd497f3668,B12,2020-05-09,840.0,1.9670756418036055,23.03846153846154,1.21153846153846,3.0,0,1.197,
TeamB-789547e7-1325-4153-a98d-5ecd497f3668,B12,2020-05-25,600.0,1.1512853891075212,22.72,1.5300000000000011,2.0,0,1.21,
TeamB-789547e7-1325-4153-a98d-5ecd497f3668,B12,2020-06-23,540.0,0.9473378259335001,22.1875,2.0625,2.0,0,0.783,
TeamB-789547e7-1325-4153-a98d-5ecd497f3668,B12,2020-10-07,720.0,1.5591805154555634,22.1875,4.3125,2.0,0,1.55,
TeamB-789547e7-1325-4153-a98d-5ecd497f3668,B12,2020-10-21,1020.0,2.578918331325669,22.09,6.66,4.0,0,0.804,
TeamB-789547e7-1325-4153-a98d-5ecd497f3668,B12,2020-11-11,540.0,0.9473378259335001,22.45,1.8000000000000007,2.0,0,0.843,
TeamB-789547e7-1325-4153-a98d-5ecd497f3668,B12,2020-11-22,540.0,0.9473378259335001,22.09375,2.15625,2.0,0,0.557,
TeamB-789547e7-1325-4153-a98d-5ecd497f3668,B12,2021-02-11,960.0,2.374970768151648,22.28125,1.96875,2.0,0,1.207,
TeamB-789547e7-1325-4153-a98d-5ecd497f3668,B12,2021-02-21,810.0,1.865101860216595,22.346153846153847,1.9038461538461533,3.0,0,0.926,
TeamB-789547e7-1325-4153-a98d-5ecd497f3668,B12,2021-02-22,560.0,1.0153203469915073,22.346153846153847,1.9038461538461533,2.0,0,1.023,
TeamB-789547e7-1325-4153-a98d-5ecd497f3668,B12,2021-02-24,880.0,2.1030406839196196,22.51923076923077,6.23076923076923,4.0,0,1.281,
TeamB-789547e7-1325-4153-a98d-5ecd497f3668,B12,2021-02-25,800.0,1.8311105996875916,22.51923076923077,6.23076923076923,3.0,0,1.459,
TeamB-789547e7-1325-4153-a98d-5ecd497f3668,B12,2021-02-26,1320.0,3.5986561471957748,22.583333333333332,3.916666666666668,2.0,0,1.883,
TeamB-789547e7-1325-4153-a98d-5ecd497f3668,B12,2021-03-30,1260.0,3.3947085840217532,22.083333333333332,2.166666666666668,6.0,0,0.751,
TeamB-789547e7-1325-4153-a98d-5ecd497f3668,B12,2021-04-29,600.0,1.1512853891075212,21.902173913043477,2.3478260869565233,,1,1.116,
TeamB-789547e7-1325-4153-a98d-5ecd497f3668,B12,2021-05-01,540.0,0.9473378259335001,21.91,2.34,,1,1.42,
TeamB-789547e7-1325-4153-a98d-5ecd497f3668,B12,2021-05-04,540.0,0.9473378259335001,21.916666666666668,2.333333333333332,,1,1.246,
TeamB-789547e7-1325-4153-a98d-5ecd497f3668,B12,2021-05-05,720.0,1.5591805154555634,21.916666666666668,2.333333333333332,,1,1.276,
TeamB-789547e7-1325-4153-a98d-5ecd497f3668,B12,2021-09-01,630.0,1.2532591706945317,22.36,4.140000000000001,3.0,0,1.311,
TeamB-789547e7-1325-4153-a98d-5ecd497f3668,B12,2021-09-16,540.0,0.9473378259335001,22.346153846153847,1.9038461538461533,5.0,0,0.781,
TeamB-789547e7-1325-4153-a98d-5ecd497f3668,B12,2021-10-12,840.0,1.9670756418036055,22.391304347826086,1.858695652173914,2.0,0,1.216,
TeamB-789547e7-1325-4153-a98d-5ecd497f3668,B12,2021-10-26,630.0,1.2532591706945317,22.102272727272727,6.647727272727273,3.0,0,0.621,
TeamB-789547e7-1325-4153-a98d-5ecd497f3668,B12,2021-10-27,720.0,1.5591805154555634,22.102272727272727,6.647727272727273,2.0,0,0.964,
TeamB-7d41e602-eece-328b-ff7b-118e820865d6,B14,2021-01-26,1390.0,3.543492593283271,15.410714285714286,6.5892857142857135,2.0,0,2.11,
TeamB-7d41e602-eece-328b-ff7b-118e820865d6,B14,2021-01-28,770.0,1.6753768838008543,15.671875,6.328125,4.0,0,1.984,
TeamB-7d41e602-eece-328b-ff7b-118e820865d6,B14,2021-01-29,960.0,2.247863956061595,15.514705882352942,6.485294117647058,3.0,0,2.011,
TeamB-7d41e602-eece-328b-ff7b-118e820865d6,B14,2021-01-30,630.0,1.2535443042403085,15.625,4.125,2.0,0,2.109,
TeamB-7d41e602-eece-328b-ff7b-118e820865d6,B14,2021-02-02,990.0,2.338256651681712,16.0,3.75,2.0,0,1.317,
TeamB-7d41e602-eece-328b-ff7b-118e820865d6,B14,2021-02-22,800.0,1.7657695794209713,13.401785714285714,8.598214285714286,7.0,0,0.896,
TeamB-7d41e602-eece-328b-ff7b-118e820865d6,B14,2021-02-24,1000.0,2.368387550221751,13.482142857142858,6.267857142857142,5.0,0,1.028,
TeamB-7d41e602-eece-328b-ff7b-118e820865d6,B14,2021-02-25,700.0,1.4644605940205815,13.482142857142858,6.267857142857142,4.0,0,1.009,
TeamB-7d41e602-eece-328b-ff7b-118e820865d6,B14,2021-02-26,1080.0,2.609434738542063,13.642857142857142,6.107142857142858,3.0,0,1.28,
TeamB-7d41e602-eece-328b-ff7b-118e820865d6,B14,2021-03-06,1040.0,2.4889111443819067,13.25,4.25,2.0,0,1.276,
TeamB-7d41e602-eece-328b-ff7b-118e820865d6,B14,2021-03-08,1120.0,2.7299583327022185,13.666666666666666,6.083333333333334,3.0,0,1.268,
TeamB-7d41e602-eece-328b-ff7b-118e820865d6,B14,2021-03-09,950.0,2.217733057521556,13.75,6.0,2.0,0,1.218,
TeamB-7d41e602-eece-328b-ff7b-118e820865d6,B14,2021-03-11,740.0,1.5849841881807374,14.083333333333334,1.166666666666666,2.0,0,1.184,
TeamB-7d41e602-eece-328b-ff7b-118e820865d6,B14,2021-03-13,740.0,1.5849841881807374,14.166666666666666,3.333333333333334,2.0,0,1.068,
TeamB-7d41e602-eece-328b-ff7b-118e820865d6,B14,2021-03-16,930.0,2.157471260441478,14.583333333333334,2.916666666666666,2.0,0,0.988,
TeamB-7d41e602-eece-328b-ff7b-118e820865d6,B14,2021-03-18,1160.0,2.8504819268623747,14.833333333333334,2.666666666666666,4.0,0,1.081,
TeamB-7d41e602-eece-328b-ff7b-118e820865d6,B14,2021-03-20,1050.0,2.519042042921946,15.083333333333334,2.416666666666666,2.0,0,1.032,
TeamB-7d41e602-eece-328b-ff7b-118e820865d6,B14,2021-03-23,950.0,2.217733057521556,15.583333333333334,4.166666666666666,4.0,0,0.981,
TeamB-7d41e602-eece-328b-ff7b-118e820865d6,B14,2021-03-25,840.0,1.8862931735811272,15.333333333333334,4.416666666666666,2.0,0,0.943,
TeamB-7d41e602-eece-328b-ff7b-118e820865d6,B14,2021-03-30,900.0,2.067078564821361,15.169642857142858,0.08035714285714235,2.0,0,0.919,
TeamB-7d41e602-eece-328b-ff7b-118e820865d6,B14,2021-04-13,800.0,1.7657695794209713,13.723214285714286,1.5267857142857135,2.0,0,1.057,
TeamB-7d41e602-eece-328b-ff7b-118e820865d6,B14,2021-04-15,600.0,1.1631516086201916,13.642857142857142,6.107142857142858,4.0,0,1.059,
TeamB-7d41e602-eece-328b-ff7b-118e820865d6,B14,2021-04-16,540.0,0.9823662173799577,13.642857142857142,6.107142857142858,3.0,0,1.001,
TeamB-7d41e602-eece-328b-ff7b-118e820865d6,B14,2021-04-19,540.0,0.9823662173799577,13.723214285714286,8.276785714285714,7.0,0,0.865,
TeamB-7d41e602-eece-328b-ff7b-118e820865d6,B14,2021-04-23,540.0,0.9823662173799577,13.883928571428571,8.116071428571429,3.0,0,0.754,
TeamB-7d41e602-eece-328b-ff7b-118e820865d6,B14,2021-04-26,700.0,1.4644605940205815,14.044642857142858,7.955357142857142,,1,0.9,
TeamB-7d41e602-eece-328b-ff7b-118e820865d6,B14,2021-04-27,960.0,2.247863956061595,14.044642857142858,7.955357142857142,,1,1.063,
TeamB-7d41e602-eece-328b-ff7b-118e820865d6,B14,2021-04-28,670.0,1.3740678984004644,14.205357142857142,7.794642857142858,,1,1.089,
TeamB-7d41e602-eece-328b-ff7b-118e820865d6,B14,2021-04-29,630.0,1.2535443042403085,14.446428571428571,7.553571428571429,,1,1.17,
TeamB-7d41e602-eece-328b-ff7b-118e820865d6,B14,2021-04-30,540.0,0.9823662173799577,14.848214285714286,7.1517857142857135,,1,1.161,
TeamB-7d41e602-eece-328b-ff7b-118e820865d6,B14,2021-05-01,810.0,1.7959004779610102,15.169642857142858,6.830357142857142,,1,1.298,
TeamB-7d41e602-eece-328b-ff7b-118e820865d6,B14,2021-05-03,600.0,1.1631516086201916,15.973214285714286,6.0267857142857135,7.0,0,1.112,
TeamB-7d41e602-eece-328b-ff7b-118e820865d6,B14,2021-05-04,960.0,2.247863956061595,16.375,5.625,6.0,0,1.105,
TeamB-7d41e602-eece-328b-ff7b-118e820865d6,B14,2021-05-05,960.0,2.247863956061595,16.776785714285715,5.223214285714285,5.0,0,1.132,
TeamB-7d41e602-eece-328b-ff7b-118e820865d6,B14,2021-05-11,810.0,1.7959004779610102,18.303571428571427,3.696428571428573,3.0,0,0.843,
TeamB-7d41e602-eece-328b-ff7b-118e820865d6,B14,2021-05-15,640.0,1.2836752027803475,18.946428571428573,0.803571428571427,3.0,0,0.859,
TeamB-7d41e602-eece-328b-ff7b-118e820865d6,B14,2021-05-16,560.0,1.0426280144600357,18.946428571428573,0.803571428571427,2.0,0,0.911,
TeamB-7d41e602-eece-328b-ff7b-118e820865d6,B14,2021-05-18,960.0,2.247863956061595,19.1875,5.0625,4.0,0,0.913,
TeamB-7d41e602-eece-328b-ff7b-118e820865d6,B14,2021-05-19,840.0,1.8862931735811272,19.267857142857142,4.982142857142858,3.0,0,0.983,
TeamB-7d41e602-eece-328b-ff7b-118e820865d6,B14,2021-05-24,840.0,1.8862931735811272,19.1875,0.5625,4.0,0,1.086,
TeamB-7d41e602-eece-328b-ff7b-118e820865d6,B14,2021-05-25,880.0,2.006816767741283,19.267857142857142,0.48214285714285765,3.0,0,1.07,
TeamB-7d41e602-eece-328b-ff7b-118e820865d6,B14,2021-05-26,630.0,1.2535443042403085,19.348214285714285,0.4017857142857153,2.0,0,1.015,
TeamB-7d41e602-eece-328b-ff7b-118e820865d6,B14,2021-05-31,840.0,1.8862931735811272,18.705357142857142,1.0446428571428577,2.0,0,0.961,
TeamB-7d41e602-eece-328b-ff7b-118e820865d6,B14,2021-06-02,1230.0,3.0613982166426474,18.464285714285715,3.5357142857142847,2.0,0,1.106,
TeamB-7d41e602-eece-328b-ff7b-118e820865d6,B14,2021-06-18,1100.0,2.669696535622141,16.214285714285715,3.5357142857142847,2.0,0,1.129,
TeamB-7d41e602-eece-328b-ff7b-118e820865d6,B14,2021-06-30,720.0,1.5247223911006593,15.330357142857142,11.169642857142858,2.0,0,0.737,
TeamB-7d41e602-eece-328b-ff7b-118e820865d6,B14,2021-07-06,960.0,2.247863956061595,15.169642857142858,2.3303571428571423,6.0,0,1.034,
TeamB-7d41e602-eece-328b-ff7b-118e820865d6,B14,2021-07-07,560.0,1.0426280144600357,15.008928571428571,0.24107142857142883,5.0,0,0.991,
TeamB-7d41e602-eece-328b-ff7b-118e820865d6,B14,2021-07-14,560.0,1.0426280144600357,15.410714285714286,8.839285714285714,2.0,0,0.793,
TeamB-7d41e602-eece-328b-ff7b-118e820865d6,B14,2021-07-23,630.0,1.2535443042403085,15.596153846153847,1.9038461538461533,3.0,0,1.197,
TeamB-7d41e602-eece-328b-ff7b-118e820865d6,B14,2021-07-26,920.0,2.1273403619014393,15.76923076923077,1.73076923076923,2.0,0,1.098,
TeamB-7d41e602-eece-328b-ff7b-118e820865d6,B14,2021-07-29,720.0,1.5247223911006593,15.85576923076923,1.64423076923077,2.0,0,1.146,
TeamB-7d41e602-eece-328b-ff7b-118e820865d6,B14,2021-08-05,700.0,1.4644605940205815,15.076923076923077,2.4230769230769234,2.0,0,1.01,
TeamB-7d41e602-eece-328b-ff7b-118e820865d6,B14,2021-08-08,770.0,1.6753768838008543,14.990384615384615,2.509615384615385,2.0,0,1.073,
TeamB-7d41e602-eece-328b-ff7b-118e820865d6,B14,2021-08-11,720.0,1.5247223911006593,15.076923076923077,0.17307692307692335,2.0,0,1.14,
TeamB-7d41e602-eece-328b-ff7b-118e820865d6,B14,2021-08-14,860.0,1.946554970661205,14.64423076923077,2.85576923076923,4.0,0,1.135,
TeamB-7d41e602-eece-328b-ff7b-118e820865d6,B14,2021-08-15,640.0,1.2836752027803475,14.557692307692308,2.9423076923076916,3.0,0,1.105,
TeamB-7d41e602-eece-328b-ff7b-118e820865d6,B14,2021-08-18,820.0,1.8260313765010492,14.817307692307692,2.6826923076923084,2.0,0,0.974,
TeamB-7d41e602-eece-328b-ff7b-118e820865d6,B14,2021-08-20,640.0,1.2836752027803475,14.848214285714286,2.6517857142857135,2.0,0,1.109,
TeamB-7d41e602-eece-328b-ff7b-118e820865d6,B14,2021-08-23,880.0,2.006816767741283,14.6875,2.8125,3.0,0,1.174,
TeamB-7d41e602-eece-328b-ff7b-118e820865d6,B14,2021-08-24,800.0,1.7657695794209713,14.6875,2.8125,2.0,0,1.352,
TeamB-7d41e602-eece-328b-ff7b-118e820865d6,B14,2021-08-26,960.0,2.247863956061595,14.767857142857142,2.7321428571428577,2.0,0,1.279,
TeamB-7d41e602-eece-328b-ff7b-118e820865d6,B14,2021-08-30,960.0,2.247863956061595,14.848214285714286,0.4017857142857135,3.0,0,1.048,
TeamB-7d41e602-eece-328b-ff7b-118e820865d6,B14,2021-09-02,1650.0,4.326895955324284,14.848214285714286,2.6517857142857135,4.0,0,1.201,
TeamB-7d41e602-eece-328b-ff7b-118e820865d6,B14,2021-09-07,720.0,1.5247223911006593,14.928571428571429,7.071428571428571,3.0,0,1.187,
TeamB-7d41e602-eece-328b-ff7b-118e820865d6,B14,2021-09-08,700.0,1.4644605940205815,14.928571428571429,7.071428571428571,2.0,0,1.247,
TeamB-7d41e602-eece-328b-ff7b-118e820865d6,B14,2021-09-10,560.0,1.0426280144600357,15.25,2.25,3.0,0,0.908,
TeamB-7d41e602-eece-328b-ff7b-118e820865d6,B14,2021-09-11,880.0,2.006816767741283,15.25,2.25,2.0,0,1.057,
TeamB-7d41e602-eece-328b-ff7b-118e820865d6,B14,2021-09-17,550.0,1.0124971159199967,15.25,2.25,3.0,0,1.066,
TeamB-7d41e602-eece-328b-ff7b-118e820865d6,B14,2021-09-22,950.0,2.217733057521556,15.410714285714286,4.3392857142857135,3.0,0,0.935,
TeamB-7d41e602-eece-328b-ff7b-118e820865d6,B14,2021-10-03,630.0,1.2535443042403085,15.089285714285714,2.4107142857142865,6.0,0,0.703,
TeamB-7d41e602-eece-328b-ff7b-118e820865d6,B14,2021-10-10,730.0,1.5548532896406984,15.089285714285714,4.6607142857142865,2.0,0,0.927,
TeamB-7d41e602-eece-328b-ff7b-118e820865d6,B14,2021-10-12,930.0,2.157471260441478,15.169642857142858,4.580357142857142,4.0,0,0.969,
TeamB-7d41e602-eece-328b-ff7b-118e820865d6,B14,2021-10-13,880.0,2.006816767741283,15.169642857142858,2.3303571428571423,3.0,0,1.043,
TeamB-7d41e602-eece-328b-ff7b-118e820865d6,B14,2021-11-10,680.0,1.4041987969405034,14.205357142857142,3.2946428571428577,2.0,0,1.143,
TeamB-ab5ec6e5-b0f3-401e-8dc5-aa6c5070e255,B17,2020-02-23,720.0,1.6694085361252293,22.25,2.0,2.0,0,1.494,
TeamB-ab5ec6e5-b0f3-401e-8dc5-aa6c5070e255,B17,2020-02-25,1080.0,2.8440022754084637,22.3375,6.412500000000001,5.0,0,1.369,
TeamB-ab5ec6e5-b0f3-401e-8dc5-aa6c5070e255,B17,2020-02-27,960.0,2.4524710289807192,22.613636363636363,3.8863636363636367,3.0,0,1.19,
TeamB-ab5ec6e5-b0f3-401e-8dc5-aa6c5070e255,B17,2020-03-04,810.0,1.9630569709460381,21.916666666666668,9.083333333333332,3.0,0,0.595,
TeamB-ab5ec6e5-b0f3-401e-8dc5-aa6c5070e255,B17,2020-03-07,630.0,1.3757601013044207,21.91346153846154,6.83653846153846,3.0,0,0.583,
TeamB-ab5ec6e5-b0f3-401e-8dc5-aa6c5070e255,B17,2020-03-10,630.0,1.3757601013044207,22.0,4.5,3.0,0,0.7,
TeamB-ab5ec6e5-b0f3-401e-8dc5-aa6c5070e255,B17,2020-03-18,490.0,0.9189736471387184,20.666666666666668,1.3333333333333321,2.0,0,0.496,
TeamB-ab5ec6e5-b0f3-401e-8dc5-aa6c5070e255,B17,2020-03-28,560.0,1.1473668742215695,19.25,2.75,3.0,0,1.132,
TeamB-ab5ec6e5-b0f3-401e-8dc5-aa6c5070e255,B17,2020-03-31,480.0,0.8863460432697396,20.0,4.25,6.0,0,1.198,
TeamB-ab5ec6e5-b0f3-401e-8dc5-aa6c5070e255,B17,2020-04-07,500.0,0.9516012510076972,20.071428571428573,6.428571428571427,,1,1.357,
TeamB-ab5ec6e5-b0f3-401e-8dc5-aa6c5070e255,B17,2020-04-08,630.0,1.3757601013044207,20.3125,6.1875,,1,1.385,
TeamB-ab5ec6e5-b0f3-401e-8dc5-aa6c5070e255,B17,2020-04-10,630.0,1.3757601013044207,20.071428571428573,6.428571428571427,,1,1.344,
TeamB-ab5ec6e5-b0f3-401e-8dc5-aa6c5070e255,B17,2020-04-11,480.0,0.8863460432697396,20.071428571428573,6.428571428571427,,1,1.329,
TeamB-ab5ec6e5-b0f3-401e-8dc5-aa6c5070e255,B17,2020-04-20,540.0,1.0821116664836121,21.919642857142858,0.08035714285714235,2.0,0,1.039,
TeamB-ab5ec6e5-b0f3-401e-8dc5-aa6c5070e255,B17,2020-04-27,630.0,1.3757601013044207,22.401785714285715,1.8482142857142847,2.0,0,1.062,
TeamB-ab5ec6e5-b0f3-401e-8dc5-aa6c5070e255,B17,2020-05-10,480.0,0.8863460432697396,23.298076923076923,3.2019230769230766,,1,1.094,
TeamB-ab5ec6e5-b0f3-401e-8dc5-aa6c5070e255,B17,2020-09-02,490.0,0.9189736471387184,23.53409090909091,0.7159090909090899,2.0,0,1.564,
TeamB-ab5ec6e5-b0f3-401e-8dc5-aa6c5070e255,B17,2020-09-09,720.0,1.6694085361252293,22.778846153846153,3.7211538461538467,2.0,0,1.714,
TeamB-ab5ec6e5-b0f3-401e-8dc5-aa6c5070e255,B17,2020-09-24,750.0,1.7672913477321657,21.91346153846154,4.58653846153846,3.0,0,1.339,
TeamB-ab5ec6e5-b0f3-401e-8dc5-aa6c5070e255,B17,2020-09-30,960.0,2.4524710289807192,21.307692307692307,0.6923076923076934,3.0,0,1.187,
TeamB-ab5ec6e5-b0f3-401e-8dc5-aa6c5070e255,B17,2020-10-10,900.0,2.2567054057668465,21.1,3.1499999999999986,3.0,0,1.151,
TeamB-ab5ec6e5-b0f3-401e-8dc5-aa6c5070e255,B17,2020-10-11,540.0,1.0821116664836121,21.01,0.9899999999999984,2.0,0,1.304,
TeamB-ab5ec6e5-b0f3-401e-8dc5-aa6c5070e255,B17,2020-10-13,780.0,1.865174159339102,21.01,0.9899999999999984,3.0,0,1.188,
TeamB-ab5ec6e5-b0f3-401e-8dc5-aa6c5070e255,B17,2020-10-18,540.0,1.0821116664836121,20.38,1.620000000000001,2.0,0,0.844,
TeamB-ab5ec6e5-b0f3-401e-8dc5-aa6c5070e255,B17,2020-10-27,1240.0,3.366043937312124,19.09375,2.90625,2.0,0,1.237,
TeamB-ab5ec6e5-b0f3-401e-8dc5-aa6c5070e255,B17,2020-10-29,720.0,1.6694085361252293,19.1875,0.5625,2.0,0,1.089,
TeamB-ab5ec6e5-b0f3-401e-8dc5-aa6c5070e255,B17,2020-11-04,630.0,1.3757601013044207,19.057692307692307,7.442307692307693,3.0,0,1.07,
TeamB-ab5ec6e5-b0f3-401e-8dc5-aa6c5070e255,B17,2020-11-09,630.0,1.3757601013044207,18.67,3.3299999999999983,2.0,0,0.785,
TeamB-ab5ec6e5-b0f3-401e-8dc5-aa6c5070e255,B17,2020-11-14,880.0,2.1914501980288894,18.53125,7.96875,,1,1.097,
TeamB-ab5ec6e5-b0f3-401e-8dc5-aa6c5070e255,B17,2020-11-26,1000.0,2.582981444456634,20.434782608695652,6.065217391304348,2.0,0,0.854,
TeamB-ab5ec6e5-b0f3-401e-8dc5-aa6c5070e255,B17,2020-11-30,540.0,1.0821116664836121,21.608695652173914,0.39130434782608603,2.0,0,0.881,
TeamB-ab5ec6e5-b0f3-401e-8dc5-aa6c5070e255,B17,2021-01-28,720.0,1.6694085361252293,18.625,5.625,2.0,0,1.29,
TeamB-ab5ec6e5-b0f3-401e-8dc5-aa6c5070e255,B17,2021-02-01,700.0,1.6041533283872718,19.3,9.45,5.0,0,1.208,
TeamB-ab5ec6e5-b0f3-401e-8dc5-aa6c5070e255,B17,2021-02-02,600.0,1.2778772896974846,19.214285714285715,9.535714285714285,4.0,0,1.186,
TeamB-ab5ec6e5-b0f3-401e-8dc5-aa6c5070e255,B17,2021-02-04,560.0,1.1473668742215695,19.456521739130434,9.293478260869566,2.0,0,1.109,
TeamB-ab5ec6e5-b0f3-401e-8dc5-aa6c5070e255,B17,2021-02-07,700.0,1.6041533283872718,19.75,4.5,3.0,0,0.931,
TeamB-ab5ec6e5-b0f3-401e-8dc5-aa6c5070e255,B17,2021-02-11,560.0,1.1473668742215695,19.403846153846153,7.096153846153847,6.0,0,0.788,
TeamB-ab5ec6e5-b0f3-401e-8dc5-aa6c5070e255,B17,2021-03-04,780.0,1.865174159339102,19.09375,5.15625,6.0,0,1.162,
TeamB-ab5ec6e5-b0f3-401e-8dc5-aa6c5070e255,B17,2021-03-05,560.0,1.1473668742215695,19.0,5.25,5.0,0,1.177,
TeamB-ab5ec6e5-b0f3-401e-8dc5-aa6c5070e255,B17,2021-03-06,800.0,1.9304293670770594,18.8125,5.4375,4.0,0,1.433,
TeamB-ab5ec6e5-b0f3-401e-8dc5-aa6c5070e255,B17,2021-03-08,990.0,2.5503538405876554,19.39,4.859999999999999,2.0,0,1.657,
TeamB-ab5ec6e5-b0f3-401e-8dc5-aa6c5070e255,B17,2021-03-12,720.0,1.6694085361252293,19.490384615384617,0.25961538461538325,3.0,0,1.517,
TeamB-ab5ec6e5-b0f3-401e-8dc5-aa6c5070e255,B17,2021-03-16,540.0,1.0821116664836121,18.67,7.829999999999998,6.0,0,1.39,
TeamB-ab5ec6e5-b0f3-401e-8dc5-aa6c5070e255,B17,2021-03-26,500.0,0.9516012510076972,19.66,4.59,3.0,0,0.913,
TeamB-ab5ec6e5-b0f3-401e-8dc5-aa6c5070e255,B17,2021-03-27,720.0,1.6694085361252293,19.75,4.5,2.0,0,1.074,
TeamB-ab5ec6e5-b0f3-401e-8dc5-aa6c5070e255,B17,2021-03-30,600.0,1.2778772896974846,20.02,8.73,7.0,0,0.989,
TeamB-ab5ec6e5-b0f3-401e-8dc5-aa6c5070e255,B17,2021-04-08,600.0,1.2778772896974846,19.3,7.199999999999999,8.0,0,0.586,
TeamB-ab5ec6e5-b0f3-401e-8dc5-aa6c5070e255,B17,2021-04-09,480.0,0.8863460432697396,19.3,7.199999999999999,7.0,0,0.766,
TeamB-ab5ec6e5-b0f3-401e-8dc5-aa6c5070e255,B17,2021-04-10,840.0,2.0609397825529743,19.4125,7.087499999999999,6.0,0,1.058,
TeamB-ab5ec6e5-b0f3-401e-8dc5-aa6c5070e255,B17,2021-04-12,840.0,2.0609397825529743,19.964285714285715,6.535714285714285,4.0,0,1.405,
TeamB-ab5ec6e5-b0f3-401e-8dc5-aa6c5070e255,B17,2021-04-13,700.0,1.6041533283872718,20.178571428571427,6.321428571428573,3.0,0,1.238,
TeamB-ab5ec6e5-b0f3-401e-8dc5-aa6c5070e255,B17,2021-04-17,540.0,1.0821116664836121,20.363636363636363,6.136363636363637,2.0,0,1.115,
TeamB-ab5ec6e5-b0f3-401e-8dc5-aa6c5070e255,B17,2021-04-26,560.0,1.1473668742215695,20.460526315789473,1.5394736842105274,2.0,0,0.388,
TeamB-ab5ec6e5-b0f3-401e-8dc5-aa6c5070e255,B17,2021-04-29,560.0,1.1473668742215695,20.223684210526315,4.026315789473685,4.0,0,0.908,
TeamB-ab5ec6e5-b0f3-401e-8dc5-aa6c5070e255,B17,2021-05-05,600.0,1.2778772896974846,20.434782608695652,1.5652173913043477,3.0,0,1.019,
TeamB-ab5ec6e5-b0f3-401e-8dc5-aa6c5070e255,B17,2021-05-11,630.0,1.3757601013044207,20.33695652173913,3.913043478260871,3.0,0,1.13,
TeamB-ab5ec6e5-b0f3-401e-8dc5-aa6c5070e255,B17,2021-05-26,720.0,1.6694085361252293,20.434782608695652,1.5652173913043477,2.0,0,0.678,
TeamB-ab5ec6e5-b0f3-401e-8dc5-aa6c5070e255,B17,2021-06-01,800.0,1.9304293670770594,19.847826086956523,2.1521739130434767,3.0,0,1.41,
TeamB-ab5ec6e5-b0f3-401e-8dc5-aa6c5070e255,B17,2021-06-04,480.0,0.8863460432697396,19.852272727272727,4.397727272727273,4.0,0,1.529,
TeamB-ab5ec6e5-b0f3-401e-8dc5-aa6c5070e255,B17,2021-06-08,640.0,1.4083877051733995,19.75,4.5,9.0,0,1.428,
TeamB-ab5ec6e5-b0f3-401e-8dc5-aa6c5070e255,B17,2021-06-14,840.0,2.0609397825529743,18.823529411764707,5.4264705882352935,4.0,0,0.74,
TeamB-ab5ec6e5-b0f3-401e-8dc5-aa6c5070e255,B17,2021-06-15,800.0,1.9304293670770594,19.0,5.25,3.0,0,0.79,
TeamB-ab5ec6e5-b0f3-401e-8dc5-aa6c5070e255,B17,2021-06-18,840.0,2.0609397825529743,19.5,2.5,3.0,0,1.309,
TeamB-ab5ec6e5-b0f3-401e-8dc5-aa6c5070e255,B17,2021-06-26,630.0,1.3757601013044207,20.57894736842105,5.921052631578949,3.0,0,0.869,
TeamB-ab5ec6e5-b0f3-401e-8dc5-aa6c5070e255,B17,2021-06-30,560.0,1.1473668742215695,21.05263157894737,5.44736842105263,2.0,0,0.747,
TeamB-ab5ec6e5-b0f3-401e-8dc5-aa6c5070e255,B17,2021-09-22,1500.0,4.21436163790557,17.25,13.75,9.0,0,1.779,
TeamB-ab5ec6e5-b0f3-401e-8dc5-aa6c5070e255,B17,2021-09-26,720.0,1.6694085361252293,17.875,13.125,3.0,0,1.637,
TeamB-ab5ec6e5-b0f3-401e-8dc5-aa6c5070e255,B17,2021-09-29,1080.0,2.8440022754084637,18.5,5.75,2.0,0,1.339,
TeamB-ab5ec6e5-b0f3-401e-8dc5-aa6c5070e255,B17,2021-10-03,630.0,1.3757601013044207,18.625,5.625,3.0,0,1.079,
TeamB-ab5ec6e5-b0f3-401e-8dc5-aa6c5070e255,B17,2021-10-16,500.0,0.9516012510076972,21.181818181818183,3.0681818181818166,,1,0.475,
TeamB-ab691983-3544-4a0e-8f70-db44d85cb907,B18,2020-03-16,720.0,1.2236998200013622,20.625,10.375,3.0,0,0.798,
TeamB-ab691983-3544-4a0e-8f70-db44d85cb907,B18,2020-03-17,720.0,1.2236998200013622,20.105263157894736,10.894736842105264,2.0,0,0.892,
TeamB-ab691983-3544-4a0e-8f70-db44d85cb907,B18,2020-03-19,960.0,1.8944046105947547,21.142857142857142,7.607142857142858,3.0,0,1.257,
TeamB-ab691983-3544-4a0e-8f70-db44d85cb907,B18,2020-03-24,630.0,0.97218552352884,21.608695652173914,7.141304347826086,7.0,0,1.285,
TeamB-ab691983-3544-4a0e-8f70-db44d85cb907,B18,2020-03-26,1080.0,2.229757005891451,22.195652173913043,6.554347826086957,2.0,0,1.238,
TeamB-ab691983-3544-4a0e-8f70-db44d85cb907,B18,2020-03-31,800.0,1.4472680835324931,23.66304347826087,0.586956521739129,3.0,0,1.207,
TeamB-ab691983-3544-4a0e-8f70-db44d85cb907,B18,2020-04-04,840.0,1.5590522152980586,23.5,0.75,2.0,0,1.213,
TeamB-ab691983-3544-4a0e-8f70-db44d85cb907,B18,2020-04-06,630.0,0.97218552352884,23.26,3.2399999999999984,2.0,0,1.241,
TeamB-ab691983-3544-4a0e-8f70-db44d85cb907,B18,2020-04-09,880.0,1.670836347063624,22.81,8.190000000000001,9.0,0,1.222,
TeamB-ab691983-3544-4a0e-8f70-db44d85cb907,B18,2020-04-20,900.0,1.7267284129464067,24.035714285714285,2.4642857142857153,2.0,0,0.652,
TeamB-ab691983-3544-4a0e-8f70-db44d85cb907,B18,2020-06-16,900.0,1.7267284129464067,24.035714285714285,4.714285714285715,7.0,0,1.326,
TeamB-ab691983-3544-4a0e-8f70-db44d85cb907,B18,2020-06-23,810.0,1.4752141164738846,24.925,3.8249999999999993,2.0,0,1.102,
TeamB-ab691983-3544-4a0e-8f70-db44d85cb907,B18,2020-08-01,900.0,1.7267284129464067,22.803571428571427,5.946428571428573,3.0,0,1.173,
TeamB-ab691983-3544-4a0e-8f70-db44d85cb907,B18,2020-08-07,900.0,1.7267284129464067,23.0,10.25,4.0,0,1.098,
TeamB-ab691983-3544-4a0e-8f70-db44d85cb907,B18,2020-08-12,900.0,1.7267284129464067,23.27173913043478,5.478260869565219,3.0,0,1.115,
TeamB-ab691983-3544-4a0e-8f70-db44d85cb907,B18,2020-08-16,810.0,1.4752141164738846,23.71,2.789999999999999,2.0,0,1.164,
TeamB-ab691983-3544-4a0e-8f70-db44d85cb907,B18,2020-08-19,720.0,1.2236998200013622,23.71,5.039999999999999,2.0,0,0.833,
TeamB-ab691983-3544-4a0e-8f70-db44d85cb907,B18,2020-09-30,1200.0,2.5651094011881472,22.482142857142858,4.017857142857142,2.0,0,1.628,
TeamB-ab691983-3544-4a0e-8f70-db44d85cb907,B18,2020-10-18,900.0,1.7267284129464067,24.25,4.5,3.0,0,0.851,
TeamB-ab691983-3544-4a0e-8f70-db44d85cb907,B18,2020-10-27,900.0,1.7267284129464067,24.475,6.524999999999999,3.0,0,1.169,
TeamB-ab691983-3544-4a0e-8f70-db44d85cb907,B18,2020-11-11,810.0,1.4752141164738846,24.125,2.375,3.0,0,1.047,
TeamB-ab691983-3544-4a0e-8f70-db44d85cb907,B18,2020-11-19,660.0,1.056023622353014,24.109375,4.640625,,1,0.749,
TeamB-ab691983-3544-4a0e-8f70-db44d85cb907,B18,2020-11-22,720.0,1.2236998200013622,23.8,4.949999999999999,,1,0.91,
TeamB-ab691983-3544-4a0e-8f70-db44d85cb907,B18,2021-02-04,630.0,0.97218552352884,24.53125,1.96875,3.0,0,1.429,
TeamB-ab691983-3544-4a0e-8f70-db44d85cb907,B18,2021-02-11,1200.0,2.5651094011881472,24.25,2.25,4.0,0,0.883,
TeamB-ab691983-3544-4a0e-8f70-db44d85cb907,B18,2021-02-21,840.0,1.5590522152980586,24.013157894736842,4.7368421052631575,3.0,0,1.266,
TeamB-ab691983-3544-4a0e-8f70-db44d85cb907,B18,2021-03-01,720.0,1.2236998200013622,23.776315789473685,0.47368421052631504,3.0,0,1.084,
TeamB-ab691983-3544-4a0e-8f70-db44d85cb907,B18,2021-03-04,870.0,1.6428903141222326,24.0,4.75,7.0,0,1.462,
TeamB-ab691983-3544-4a0e-8f70-db44d85cb907,B18,2021-03-05,700.0,1.1678077541185794,23.875,4.875,6.0,0,1.271,
TeamB-ab691983-3544-4a0e-8f70-db44d85cb907,B18,2021-03-08,890.0,1.6987823800050152,24.125,2.375,3.0,0,1.597,
TeamB-ab691983-3544-4a0e-8f70-db44d85cb907,B18,2021-03-29,630.0,0.97218552352884,24.11764705882353,0.132352941176471,,1,1.193,
TeamB-ab691983-3544-4a0e-8f70-db44d85cb907,B18,2021-08-21,630.0,0.97218552352884,23.8,4.949999999999999,3.0,0,1.116,
TeamB-ab691983-3544-4a0e-8f70-db44d85cb907,B18,2021-09-04,810.0,1.4752141164738846,24.13157894736842,4.618421052631579,3.0,0,0.79,
TeamB-ab691983-3544-4a0e-8f70-db44d85cb907,B18,2021-09-08,810.0,1.4752141164738846,24.25,4.5,2.0,0,1.008,
TeamB-afc13e53-2c77-48cb-8a78-743663bbb84f,B19,2020-01-24,1100.0,2.054077033380769,25.75,0.75,3.0,0,1.388,
TeamB-afc13e53-2c77-48cb-8a78-743663bbb84f,B19,2020-02-06,1080.0,1.9989132606663056,23.767857142857142,0.48214285714285765,2.0,0,1.139,
TeamB-afc13e53-2c77-48cb-8a78-743663bbb84f,B19,2020-02-11,1200.0,2.3298958969530874,23.166666666666668,5.583333333333332,5.0,0,1.115,
TeamB-afc13e53-2c77-48cb-8a78-743663bbb84f,B19,2020-02-18,930.0,1.5851849653078285,22.259615384615383,4.240384615384617,6.0,0,1.017,
TeamB-afc13e53-2c77-48cb-8a78-743663bbb84f,B19,2020-02-20,960.0,1.667930624379524,22.0,4.5,4.0,0,1.004,
TeamB-afc13e53-2c77-48cb-8a78-743663bbb84f,B19,2020-03-10,720.0,1.0059653518059606,22.083333333333332,4.416666666666668,3.0,0,0.923,
TeamB-afc13e53-2c77-48cb-8a78-743663bbb84f,B19,2020-03-20,960.0,1.667930624379524,21.758928571428573,4.741071428571427,6.0,0,1.045,
TeamB-afc13e53-2c77-48cb-8a78-743663bbb84f,B19,2020-04-28,970.0,1.6955125107367557,23.71,0.5399999999999991,2.0,0,1.47,
TeamB-afc13e53-2c77-48cb-8a78-743663bbb84f,B19,2020-05-01,850.0,1.3645298744499743,23.71,2.789999999999999,2.0,0,1.58,
TeamB-afc13e53-2c77-48cb-8a78-743663bbb84f,B19,2020-05-15,1260.0,2.4953872150964784,23.17391304347826,1.0760869565217384,2.0,0,1.306,
TeamB-afc13e53-2c77-48cb-8a78-743663bbb84f,B19,2020-05-18,780.0,1.1714566699493516,23.03125,3.46875,4.0,0,1.061,
TeamB-afc13e53-2c77-48cb-8a78-743663bbb84f,B19,2020-05-19,840.0,1.3369479880927424,22.84375,3.65625,3.0,0,1.077,
TeamB-afc13e53-2c77-48cb-8a78-743663bbb84f,B19,2020-05-25,880.0,1.4472755335216694,22.51923076923077,1.73076923076923,2.0,0,0.976,
TeamB-afc13e53-2c77-48cb-8a78-743663bbb84f,B19,2020-06-13,720.0,1.0059653518059606,23.333333333333332,0.9166666666666679,6.0,0,0.994,
TeamB-afc13e53-2c77-48cb-8a78-743663bbb84f,B19,2020-06-16,720.0,1.0059653518059606,23.416666666666668,0.8333333333333321,3.0,0,1.102,
TeamB-afc13e53-2c77-48cb-8a78-743663bbb84f,B19,2020-06-23,720.0,1.0059653518059606,23.5,5.25,5.0,0,0.959,
TeamB-afc13e53-2c77-48cb-8a78-743663bbb84f,B19,2020-06-30,990.0,1.7506762834512193,23.928571428571427,2.571428571428573,2.0,0,0.885,
TeamB-afc13e53-2c77-48cb-8a78-743663bbb84f,B19,2020-07-10,810.0,1.254202329021047,24.491071428571427,4.258928571428573,2.0,0,1.074,
TeamB-afc13e53-2c77-48cb-8a78-743663bbb84f,B19,2020-07-18,720.0,1.0059653518059606,24.169642857142858,2.3303571428571423,5.0,0,1.263,
TeamB-afc13e53-2c77-48cb-8a78-743663bbb84f,B19,2020-07-21,720.0,1.0059653518059606,24.330357142857142,2.1696428571428577,2.0,0,1.024,
TeamB-afc13e53-2c77-48cb-8a78-743663bbb84f,B19,2020-07-28,840.0,1.3369479880927424,23.928571428571427,4.821428571428573,7.0,0,0.973,
TeamB-afc13e53-2c77-48cb-8a78-743663bbb84f,B19,2020-07-29,720.0,1.0059653518059606,23.928571428571427,0.32142857142857295,6.0,0,1.024,
TeamB-afc13e53-2c77-48cb-8a78-743663bbb84f,B19,2020-08-01,720.0,1.0059653518059606,24.089285714285715,0.1607142857142847,3.0,0,1.082,
TeamB-afc13e53-2c77-48cb-8a78-743663bbb84f,B19,2020-08-22,720.0,1.0059653518059606,23.607142857142858,2.8928571428571423,3.0,0,0.925,
TeamB-afc13e53-2c77-48cb-8a78-743663bbb84f,B19,2020-09-17,960.0,1.667930624379524,23.5,5.25,10.0,0,1.396,
TeamB-afc13e53-2c77-48cb-8a78-743663bbb84f,B19,2020-09-24,880.0,1.4472755335216694,23.9125,0.3374999999999986,3.0,0,1.2,
TeamB-afc13e53-2c77-48cb-8a78-743663bbb84f,B19,2020-10-07,960.0,1.667930624379524,23.607142857142858,5.142857142857142,3.0,0,1.222,
TeamB-afc13e53-2c77-48cb-8a78-743663bbb84f,B19,2020-10-14,1100.0,2.054077033380769,23.565217391304348,2.9347826086956523,3.0,0,0.874,
TeamB-afc13e53-2c77-48cb-8a78-743663bbb84f,B19,2020-10-21,1080.0,1.9989132606663056,23.298076923076923,0.9519230769230766,2.0,0,1.149,
TeamB-afc13e53-2c77-48cb-8a78-743663bbb84f,B19,2020-10-25,1260.0,2.4953872150964784,23.0,3.5,3.0,0,1.244,
TeamB-afc13e53-2c77-48cb-8a78-743663bbb84f,B19,2020-11-01,840.0,1.3369479880927424,23.285714285714285,3.2142857142857153,2.0,0,0.869,
TeamB-afc13e53-2c77-48cb-8a78-743663bbb84f,B19,2020-11-14,990.0,1.7506762834512193,23.75,7.25,5.0,0,0.765,
TeamB-afc13e53-2c77-48cb-8a78-743663bbb84f,B19,2021-02-11,1080.0,1.9989132606663056,23.821428571428573,0.42857142857142705,2.0,0,1.012,
TeamB-afc13e53-2c77-48cb-8a78-743663bbb84f,B19,2021-03-01,840.0,1.3369479880927424,23.539473684210527,2.9605263157894726,,1,1.151,
TeamB-afc13e53-2c77-48cb-8a78-743663bbb84f,B19,2021-03-02,1000.0,1.7782581698084512,23.6875,2.8125,,1,1.419,
TeamB-afc13e53-2c77-48cb-8a78-743663bbb84f,B19,2021-03-04,960.0,1.667930624379524,23.821428571428573,2.678571428571427,,1,1.366,
TeamB-afc13e53-2c77-48cb-8a78-743663bbb84f,B19,2021-03-05,930.0,1.5851849653078285,23.607142857142858,2.8928571428571423,,1,1.288,
TeamB-afc13e53-2c77-48cb-8a78-743663bbb84f,B19,2021-03-08,1040.0,1.8885857152373784,23.714285714285715,2.7857142857142847,10.0,0,1.404,
TeamB-afc13e53-2c77-48cb-8a78-743663bbb84f,B19,2021-05-04,780.0,1.1714566699493516,22.45,6.300000000000001,10.0,0,1.302,
TeamB-afc13e53-2c77-48cb-8a78-743663bbb84f,B19,2021-05-05,810.0,1.254202329021047,22.421875,6.328125,9.0,0,1.24,
TeamB-afc13e53-2c77-48cb-8a78-743663bbb84f,B19,2021-05-11,810.0,1.254202329021047,23.06578947368421,5.684210526315791,3.0,0,1.102,
TeamB-afc13e53-2c77-48cb-8a78-743663bbb84f,B19,2021-05-18,800.0,1.2266204426638152,23.5,5.25,3.0,0,0.756,
TeamB-afc13e53-2c77-48cb-8a78-743663bbb84f,B19,2021-08-18,810.0,1.254202329021047,25.09375,5.90625,2.0,0,1.185,
TeamB-e4321aef-964a-4fdd-88bd-0bd548b0e93b,B22,2020-02-04,630.0,1.0015115047674692,24.671875,1.828125,3.0,0,1.163,
TeamB-e4321aef-964a-4fdd-88bd-0bd548b0e93b,B22,2020-02-17,900.0,1.8777785749685303,24.53125,1.96875,2.0,0,0.951,
TeamB-e4321aef-964a-4fdd-88bd-0bd548b0e93b,B22,2020-03-16,810.0,1.5856895515681766,24.892857142857142,1.6071428571428577,2.0,0,1.023,
TeamB-e4321aef-964a-4fdd-88bd-0bd548b0e93b,B22,2020-03-30,720.0,1.293600528167823,24.491071428571427,2.008928571428573,2.0,0,0.874,
TeamB-e4321aef-964a-4fdd-88bd-0bd548b0e93b,B22,2020-04-03,630.0,1.0015115047674692,24.410714285714285,2.0892857142857153,3.0,0,0.966,
TeamB-e4321aef-964a-4fdd-88bd-0bd548b0e93b,B22,2020-04-07,640.0,1.0339658407008419,24.410714285714285,2.0892857142857153,5.0,0,0.96,
TeamB-e4321aef-964a-4fdd-88bd-0bd548b0e93b,B22,2020-04-09,770.0,1.455872207834686,24.410714285714285,2.0892857142857153,3.0,0,1.098,
TeamB-e4321aef-964a-4fdd-88bd-0bd548b0e93b,B22,2020-05-07,600.0,0.9041484969673512,24.651785714285715,1.8482142857142847,4.0,0,0.836,
TeamB-e4321aef-964a-4fdd-88bd-0bd548b0e93b,B22,2020-05-11,640.0,1.0339658407008419,24.651785714285715,1.8482142857142847,2.0,0,0.971,
TeamB-e4321aef-964a-4fdd-88bd-0bd548b0e93b,B22,2020-05-14,600.0,0.9041484969673512,24.651785714285715,4.098214285714285,2.0,0,0.946,
TeamB-e4321aef-964a-4fdd-88bd-0bd548b0e93b,B22,2020-05-21,770.0,1.455872207834686,25.166666666666668,3.583333333333332,5.0,0,1.188,
TeamB-e4321aef-964a-4fdd-88bd-0bd548b0e93b,B22,2020-06-01,630.0,1.0015115047674692,25.666666666666668,5.333333333333332,3.0,0,1.125,
TeamB-e4321aef-964a-4fdd-88bd-0bd548b0e93b,B22,2020-06-02,640.0,1.0339658407008419,25.833333333333332,2.916666666666668,2.0,0,1.084,
TeamB-e4321aef-964a-4fdd-88bd-0bd548b0e93b,B22,2020-06-04,720.0,1.293600528167823,26.083333333333332,2.666666666666668,2.0,0,1.114,
TeamB-e4321aef-964a-4fdd-88bd-0bd548b0e93b,B22,2020-06-08,720.0,1.293600528167823,26.166666666666668,2.583333333333332,4.0,0,1.005,
TeamB-e4321aef-964a-4fdd-88bd-0bd548b0e93b,B22,2020-06-27,800.0,1.553235215634804,26.178571428571427,2.571428571428573,3.0,0,1.054,
TeamB-e4321aef-964a-4fdd-88bd-0bd548b0e93b,B22,2020-06-30,630.0,1.0015115047674692,26.017857142857142,0.48214285714285765,2.0,0,1.058,
TeamB-e4321aef-964a-4fdd-88bd-0bd548b0e93b,B22,2020-07-04,900.0,1.8777785749685303,25.455357142857142,3.2946428571428577,5.0,0,1.211,
TeamB-e4321aef-964a-4fdd-88bd-0bd548b0e93b,B22,2020-07-07,720.0,1.293600528167823,25.294642857142858,1.2053571428571423,2.0,0,1.382,
TeamB-e4321aef-964a-4fdd-88bd-0bd548b0e93b,B22,2020-07-10,900.0,1.8777785749685303,25.053571428571427,3.696428571428573,6.0,0,1.364,
TeamB-e4321aef-964a-4fdd-88bd-0bd548b0e93b,B22,2020-07-14,810.0,1.5856895515681766,25.333333333333332,1.1666666666666679,2.0,0,0.994,
TeamB-e4321aef-964a-4fdd-88bd-0bd548b0e93b,B22,2020-07-18,900.0,1.8777785749685303,25.416666666666668,1.0833333333333321,4.0,0,1.143,
TeamB-e4321aef-964a-4fdd-88bd-0bd548b0e93b,B22,2020-07-24,900.0,1.8777785749685303,25.25,3.5,4.0,0,1.119,
TeamB-e4321aef-964a-4fdd-88bd-0bd548b0e93b,B22,2020-08-01,900.0,1.8777785749685303,25.333333333333332,1.1666666666666679,4.0,0,1.098,
TeamB-e4321aef-964a-4fdd-88bd-0bd548b0e93b,B22,2020-08-07,900.0,1.8777785749685303,25.083333333333332,3.666666666666668,3.0,0,1.213,
TeamB-e4321aef-964a-4fdd-88bd-0bd548b0e93b,B22,2020-08-12,810.0,1.5856895515681766,24.8125,3.9375,3.0,0,1.009,
TeamB-e4321aef-964a-4fdd-88bd-0bd548b0e93b,B22,2020-08-16,810.0,1.5856895515681766,24.8125,3.9375,2.0,0,1.024,
TeamB-e4321aef-964a-4fdd-88bd-0bd548b0e93b,B22,2020-08-22,640.0,1.0339658407008419,24.973214285714285,1.5267857142857153,4.0,0,1.007,
TeamB-e4321aef-964a-4fdd-88bd-0bd548b0e93b,B22,2020-08-26,720.0,1.293600528167823,24.916666666666668,3.833333333333332,3.0,0,0.907,
TeamB-e4321aef-964a-4fdd-88bd-0bd548b0e93b,B22,2020-08-30,720.0,1.293600528167823,25.25,1.25,4.0,0,0.824,
TeamB-e4321aef-964a-4fdd-88bd-0bd548b0e93b,B22,2020-09-05,810.0,1.5856895515681766,25.333333333333332,3.416666666666668,4.0,0,1.168,
TeamB-e4321aef-964a-4fdd-88bd-0bd548b0e93b,B22,2020-09-12,810.0,1.5856895515681766,25.333333333333332,3.416666666666668,2.0,0,1.072,
TeamB-e4321aef-964a-4fdd-88bd-0bd548b0e93b,B22,2020-09-24,880.0,1.812869903101785,25.375,1.125,2.0,0,1.031,
TeamB-e4321aef-964a-4fdd-88bd-0bd548b0e93b,B22,2020-10-02,990.0,2.169867598368884,25.375,3.375,2.0,0,1.125,
TeamB-e4321aef-964a-4fdd-88bd-0bd548b0e93b,B22,2020-10-10,860.0,1.7479612312350399,25.46875,1.03125,2.0,0,1.127,
TeamB-e4321aef-964a-4fdd-88bd-0bd548b0e93b,B22,2020-10-18,720.0,1.293600528167823,25.33,3.4200000000000017,3.0,0,0.945,
TeamB-e4321aef-964a-4fdd-88bd-0bd548b0e93b,B22,2020-10-27,1190.0,2.818954317036337,25.25,1.25,2.0,0,1.449,
TeamB-e4321aef-964a-4fdd-88bd-0bd548b0e93b,B22,2020-11-01,810.0,1.5856895515681766,25.0,3.75,3.0,0,1.418,
TeamB-e4321aef-964a-4fdd-88bd-0bd548b0e93b,B22,2020-11-07,720.0,1.293600528167823,24.916666666666668,1.5833333333333321,2.0,0,1.082,
TeamB-e4321aef-964a-4fdd-88bd-0bd548b0e93b,B22,2020-12-06,810.0,1.5856895515681766,24.97,6.030000000000001,3.0,0,1.318,
TeamB-e4321aef-964a-4fdd-88bd-0bd548b0e93b,B22,2020-12-26,1080.0,2.4619566217692377,24.5,2.0,2.0,0,1.296,
TeamB-e4321aef-964a-4fdd-88bd-0bd548b0e93b,B22,2021-01-12,1080.0,2.4619566217692377,24.7,1.8000000000000007,2.0,0,1.379,
TeamB-e4321aef-964a-4fdd-88bd-0bd548b0e93b,B22,2021-01-18,1220.0,2.916317324836455,24.556818181818183,1.9431818181818166,3.0,0,1.474,
TeamB-e4321aef-964a-4fdd-88bd-0bd548b0e93b,B22,2021-01-24,760.0,1.4234178719013135,25.24,1.2600000000000016,2.0,0,1.208,
TeamB-e4321aef-964a-4fdd-88bd-0bd548b0e93b,B22,2021-01-26,840.0,1.6830525593682946,25.24,1.2600000000000016,2.0,0,1.144,
TeamB-e4321aef-964a-4fdd-88bd-0bd548b0e93b,B22,2021-01-29,840.0,1.6830525593682946,25.24,3.5100000000000016,3.0,0,1.0,
TeamB-e4321aef-964a-4fdd-88bd-0bd548b0e93b,B22,2021-02-07,720.0,1.293600528167823,25.42,1.0799999999999983,3.0,0,0.935,
TeamB-e4321aef-964a-4fdd-88bd-0bd548b0e93b,B22,2021-02-11,1080.0,2.4619566217692377,25.6,0.8999999999999986,6.0,0,1.006,
TeamB-e4321aef-964a-4fdd-88bd-0bd548b0e93b,B22,2021-02-15,710.0,1.2611461922344502,25.6,0.8999999999999986,2.0,0,0.96,
TeamB-e4321aef-964a-4fdd-88bd-0bd548b0e93b,B22,2021-02-24,1110.0,2.5593196295693557,25.1875,1.3125,5.0,0,0.922,
TeamB-e4321aef-964a-4fdd-88bd-0bd548b0e93b,B22,2021-02-25,630.0,1.0015115047674692,25.0,1.5,4.0,0,0.977,
TeamB-e4321aef-964a-4fdd-88bd-0bd548b0e93b,B22,2021-03-02,700.0,1.2286918563010776,25.068181818181817,1.4318181818181834,2.0,0,1.543,
TeamB-e4321aef-964a-4fdd-88bd-0bd548b0e93b,B22,2021-03-15,640.0,1.0339658407008419,24.678571428571427,1.821428571428573,3.0,0,0.912,
TeamB-e4321aef-964a-4fdd-88bd-0bd548b0e93b,B22,2021-03-20,960.0,2.0725045905687662,24.65909090909091,1.84090909090909,3.0,0,0.973,
TeamB-e4321aef-964a-4fdd-88bd-0bd548b0e93b,B22,2021-03-23,630.0,1.0015115047674692,24.863636363636363,3.8863636363636367,6.0,0,1.023,
TeamB-e4321aef-964a-4fdd-88bd-0bd548b0e93b,B22,2021-03-29,630.0,1.0015115047674692,25.32608695652174,1.1739130434782616,2.0,0,0.698,
TeamB-e4321aef-964a-4fdd-88bd-0bd548b0e93b,B22,2021-04-29,640.0,1.0339658407008419,24.75,1.75,5.0,0,0.971,
TeamB-e4321aef-964a-4fdd-88bd-0bd548b0e93b,B22,2021-05-18,840.0,1.6830525593682946,24.8125,3.9375,3.0,0,1.12,
TeamB-e4321aef-964a-4fdd-88bd-0bd548b0e93b,B22,2021-05-19,840.0,1.6830525593682946,24.723684210526315,1.776315789473685,2.0,0,1.342,
TeamB-e4321aef-964a-4fdd-88bd-0bd548b0e93b,B22,2021-05-25,630.0,1.0015115047674692,25.130434782608695,1.3695652173913047,3.0,0,1.321,
TeamB-e4321aef-964a-4fdd-88bd-0bd548b0e93b,B22,2021-05-26,630.0,1.0015115047674692,25.130434782608695,1.3695652173913047,2.0,0,1.174,
TeamB-e4321aef-964a-4fdd-88bd-0bd548b0e93b,B22,2021-06-02,1200.0,2.8514086529697096,25.09375,1.40625,2.0,0,1.276,
TeamB-e4321aef-964a-4fdd-88bd-0bd548b0e93b,B22,2021-06-26,720.0,1.293600528167823,23.928571428571427,4.821428571428573,7.0,0,1.126,
TeamB-e4321aef-964a-4fdd-88bd-0bd548b0e93b,B22,2021-07-04,720.0,1.293600528167823,24.352272727272727,4.397727272727273,3.0,0,0.78,
TeamB-e4321aef-964a-4fdd-88bd-0bd548b0e93b,B22,2021-07-14,720.0,1.293600528167823,24.892857142857142,3.8571428571428577,,1,0.98,
TeamB-e4321aef-964a-4fdd-88bd-0bd548b0e93b,B22,2021-08-14,720.0,1.293600528167823,24.732142857142858,1.7678571428571423,3.0,0,1.766,
TeamB-e4321aef-964a-4fdd-88bd-0bd548b0e93b,B22,2021-09-22,1330.0,3.2733150201035537,24.875,1.625,2.0,0,1.322,
TeamB-e4321aef-964a-4fdd-88bd-0bd548b0e93b,B22,2021-09-27,630.0,1.0015115047674692,24.75,4.0,4.0,0,1.437,
TeamB-e4321aef-964a-4fdd-88bd-0bd548b0e93b,B22,2021-09-28,630.0,1.0015115047674692,24.5,4.25,3.0,0,1.422,
TeamB-e4321aef-964a-4fdd-88bd-0bd548b0e93b,B22,2021-09-29,1000.0,2.202321934302257,24.625,1.875,2.0,0,1.229,
TeamB-e4321aef-964a-4fdd-88bd-0bd548b0e93b,B22,2021-10-02,720.0,1.293600528167823,24.960526315789473,1.5394736842105274,6.0,0,1.316,
TeamB-e4321aef-964a-4fdd-88bd-0bd548b0e93b,B22,2021-10-05,630.0,1.0015115047674692,24.8125,1.6875,3.0,0,1.079,
TeamB-e4321aef-964a-4fdd-88bd-0bd548b0e93b,B22,2021-10-06,700.0,1.2286918563010776,24.842105263157894,1.6578947368421062,2.0,0,0.959,
TeamB-e4321aef-964a-4fdd-88bd-0bd548b0e93b,B22,2021-10-09,630.0,1.0015115047674692,25.0375,1.4624999999999986,3.0,0,0.968,
TeamB-e4321aef-964a-4fdd-88bd-0bd548b0e93b,B22,2021-10-27,840.0,1.6830525593682946,25.0,1.5,3.0,0,0.819,
